AXSBDRP:3858313330330B08000900
HFDTE210626
HFPLTPILOTINCHARGE:Louis Jaquier
HFCM2CREW2:NIL
HFGTYGLIDERTYPE:Skywalk Arak
HFGIDGLIDERID:62497
HFDTMGPSDATUM:WGS84
HFRFWFIRMWAREVERSION:build 5305
HFRHWHARDWAREVERSION:drop_1506
HFFTYFRTYPE:SkyBean,SkyDrop
HFGPSRECEIVER:Quectel,L80,22cm,18000m
HFPRSPRESSALTSENSOR:Measurement specialties,MS5611,25907m
HFALGALTGPS:GEO
HFALPALTPRESSURE:ISA
HFTZNTIMEZONE:+2.0
B1151344632765N00701066EA0176801992
B1151354632765N00701066EA0176701992
B1151364632765N00701066EA0176801992
B1151374632765N00701066EA0176801992
B1151384632765N00701066EA0176801992
B1151394632765N00701066EA0176801992
B1151404632765N00701066EA0176801992
B1151414632765N00701066EA0176801992
B1151424632765N00701066EA0176801992
B1151434632765N00701066EA0176801992
B1151444632765N00701066EA0176801991
B1151454632765N00701066EA0176801991
B1151464632765N00701066EA0176801991
B1151474632765N00701066EA0176801991
B1151484632765N00701066EA0176801991
B1151494632765N00701066EA0176801991
B1151504632765N00701066EA0176801991
B1151514632765N00701066EA0176801991
B1151524632765N00701066EA0176801991
B1151534632765N00701066EA0176801991
B1151544632765N00701066EA0176801991
B1151554632765N00701066EA0176801991
B1151564632765N00701066EA0176801991
B1151574632765N00701066EA0176801991
B1151584632765N00701066EA0176801991
B1151594632765N00701066EA0176701991
B1152004632765N00701066EA0176601991
B1152014632764N00701067EA0176501991
B1152024632764N00701066EA0176401991
B1152034632763N00701065EA0176301991
B1152054632761N00701063EA0175801990
B1152064632760N00701061EA0175601990
B1152074632756N00701058EA0175201986
B1152084632754N00701053EA0175001985
B1152094632751N00701047EA0174801984
B1152104632749N00701040EA0174801983
B1152114632747N00701034EA0175201982
LXSB bat: 100% (3647)
LXSB temp: 29 50%
B1152124632744N00701028EA0175401981
B1152134632743N00701023EA0175301979
B1152144632742N00701018EA0175201978
B1152154632740N00701012EA0175201976
B1152164632738N00701006EA0175201974
B1152184632730N00700999EA0175301973
B1152194632725N00701002EA0175201972
B1152204632721N00701006EA0175301971
B1152214632717N00701012EA0175501970
B1152224632718N00701020EA0175601970
B1152234632718N00701027EA0175801970
B1152244632719N00701034EA0175801969
B1152254632720N00701041EA0175801969
B1152264632720N00701047EA0175801967
B1152274632720N00701055EA0175801966
B1152284632719N00701061EA0175901965
B1152294632716N00701066EA0175901963
B1152304632712N00701067EA0175901963
B1152314632709N00701062EA0176001963
B1152324632708N00701056EA0176201963
B1152334632708N00701050EA0176501964
B1152344632711N00701046EA0176701965
B1152354632713N00701043EA0176701966
B1152364632716N00701040EA0176701966
B1152374632720N00701038EA0176601966
B1152384632725N00701036EA0176701965
B1152394632731N00701034EA0176801965
B1152404632736N00701031EA0176901966
B1152414632740N00701028EA0177001967
B1152424632743N00701025EA0176901968
B1152434632746N00701020EA0176901967
B1152444632748N00701015EA0177001967
B1152454632749N00701009EA0177001967
B1152464632750N00701004EA0177101967
B1152474632748N00700999EA0177101967
B1152484632745N00700995EA0177101967
B1152494632743N00700995EA0177001967
B1152504632738N00700998EA0177001967
B1152514632734N00701004EA0177001967
B1152524632732N00701010EA0177101968
B1152534632729N00701016EA0177201968
B1152544632727N00701024EA0177401969
B1152554632727N00701031EA0177401970
B1152564632727N00701037EA0177401970
B1152574632728N00701043EA0177301970
B1152584632729N00701050EA0177301970
B1152594632729N00701057EA0177401970
B1153004632730N00701064EA0177501971
B1153014632730N00701070EA0177601972
B1153024632731N00701077EA0177701974
B1153034632733N00701083EA0177901974
B1153044632735N00701088EA0177801975
B1153054632738N00701094EA0177801976
B1153064632740N00701099EA0177901976
B1153074632743N00701105EA0178001977
B1153084632744N00701111EA0178301979
B1153094632744N00701117EA0178601980
B1153104632744N00701122EA0178801981
B1153114632743N00701126EA0178901984
B1153124632743N00701130EA0178901985
B1153134632742N00701134EA0178901985
B1153144632740N00701139EA0178901986
B1153154632737N00701143EA0178901986
B1153164632732N00701145EA0179001988
B1153174632726N00701142EA0179101988
B1153184632722N00701136EA0179101989
B1153194632718N00701130EA0179101990
B1153204632715N00701123EA0179001990
B1153214632713N00701116EA0178901990
B1153224632712N00701107EA0178901990
B1153234632712N00701098EA0179001991
B1153244632714N00701091EA0179101991
B1153254632717N00701088EA0179101992
B1153264632721N00701088EA0179201992
B1153274632725N00701089EA0179201993
B1153284632729N00701091EA0179201993
B1153294632732N00701095EA0179301994
B1153304632734N00701100EA0179501995
B1153314632735N00701104EA0179601996
B1153324632735N00701108EA0179501997
B1153334632736N00701112EA0179401997
B1153344632736N00701117EA0179401997
B1153354632737N00701123EA0179401997
B1153364632736N00701128EA0179501998
B1153374632736N00701134EA0179601999
B1153384632734N00701139EA0179702000
B1153394632732N00701144EA0179602000
B1153404632730N00701148EA0179502000
B1153414632725N00701151EA0179401999
B1153424632721N00701153EA0179301999
B1153434632715N00701152EA0179301999
B1153444632710N00701149EA0179301999
B1153454632706N00701144EA0179202000
B1153464632702N00701136EA0179102000
B1153474632700N00701128EA0179102000
B1153484632699N00701120EA0179102000
B1153494632700N00701110EA0179102000
B1153504632701N00701103EA0179001999
B1153514632704N00701097EA0179001998
B1153524632707N00701093EA0179001998
B1153534632710N00701089EA0179001997
B1153544632714N00701086EA0179101997
B1153554632718N00701084EA0179201998
B1153564632721N00701083EA0179301998
B1153574632724N00701082EA0179401999
B1153584632727N00701081EA0179502000
B1153594632730N00701080EA0179602000
B1154004632734N00701078EA0179802001
B1154014632739N00701077EA0180002003
B1154024632744N00701075EA0180402004
B1154034632750N00701075EA0180702006
B1154044632755N00701077EA0181002008
B1154054632758N00701081EA0181302010
B1154064632762N00701085EA0181502012
B1154074632765N00701088EA0181602014
B1154084632768N00701091EA0181702016
B1154094632772N00701094EA0182002018
B1154104632774N00701099EA0182202019
B1154114632775N00701104EA0182102020
B1154124632774N00701109EA0182202021
B1154134632772N00701113EA0182302022
B1154144632769N00701115EA0182402023
B1154154632766N00701115EA0182502023
B1154164632763N00701112EA0182602024
B1154174632766N00701103EA0182802025
B1154184632770N00701099EA0183102025
B1154194632774N00701099EA0183402027
B1154204632777N00701099EA0183502029
B1154214632780N00701099EA0183702031
B1154224632784N00701099EA0183902033
B1154234632788N00701102EA0184302035
B1154244632791N00701106EA0184502037
B1154254632791N00701110EA0184502039
B1154264632789N00701114EA0184602040
B1154274632784N00701117EA0184802042
B1154284632778N00701119EA0185002043
B1154294632773N00701118EA0185202045
B1154304632768N00701113EA0185302046
B1154314632765N00701105EA0185502048
B1154324632765N00701098EA0185702050
B1154334632769N00701092EA0186002053
B1154344632773N00701090EA0186302055
B1154354632777N00701093EA0186602057
B1154364632779N00701097EA0186902060
B1154374632780N00701102EA0187102063
B1154384632779N00701106EA0187302062
B1154394632778N00701111EA0187402064
B1154404632777N00701116EA0187402066
B1154414632776N00701121EA0187502068
B1154424632774N00701127EA0187702070
B1154434632771N00701133EA0187702071
B1154444632766N00701137EA0187702072
B1154454632760N00701138EA0187702073
B1154464632755N00701134EA0187902073
B1154474632753N00701126EA0188102075
B1154484632753N00701118EA0188402077
B1154494632755N00701111EA0188602079
B1154504632758N00701108EA0188902080
B1154514632761N00701107EA0189102083
B1154524632765N00701107EA0189302085
B1154534632768N00701108EA0189402087
B1154544632770N00701111EA0189502088
B1154554632770N00701116EA0189702089
B1154564632769N00701122EA0189802090
B1154574632765N00701128EA0189902090
B1154584632760N00701131EA0190102092
B1154594632755N00701132EA0190302094
B1155004632749N00701131EA0190502095
B1155014632743N00701126EA0190802097
B1155024632738N00701120EA0191002099
B1155034632737N00701111EA0191202101
B1155044632737N00701103EA0191402103
B1155054632738N00701097EA0191702105
B1155064632740N00701092EA0191802108
B1155074632743N00701089EA0192002110
B1155084632746N00701088EA0192202112
B1155094632749N00701090EA0192502114
B1155104632752N00701093EA0192802117
B1155114632754N00701098EA0193102117
B1155124632755N00701102EA0193302119
B1155134632756N00701107EA0193602122
B1155144632755N00701112EA0193802125
B1155154632753N00701117EA0194002127
B1155164632751N00701121EA0194202130
B1155174632746N00701124EA0194402132
B1155184632742N00701126EA0194702134
B1155194632735N00701124EA0194902137
B1155204632730N00701120EA0195302140
B1155214632726N00701114EA0195702139
B1155224632725N00701107EA0196102141
B1155234632727N00701101EA0196402144
B1155244632730N00701099EA0196702148
B1155254632733N00701099EA0196902151
B1155264632736N00701099EA0197002153
B1155274632739N00701099EA0197102155
B1155284632743N00701099EA0197402157
B1155294632747N00701101EA0197602160
B1155304632750N00701105EA0197902162
B1155314632752N00701110EA0198202162
B1155324632751N00701115EA0198502164
B1155334632749N00701120EA0198702167
B1155344632746N00701123EA0199002169
B1155354632742N00701125EA0199202172
B1155364632737N00701126EA0199302174
B1155374632731N00701124EA0199602172
B1155384632726N00701121EA0199802174
B1155394632721N00701116EA0200102177
B1155404632717N00701110EA0200402179
B1155414632714N00701103EA0200602182
B1155424632714N00701097EA0200902185
B1155434632715N00701091EA0201202188
B1155444632717N00701088EA0201502191
B1155454632720N00701086EA0201802191
B1155464632724N00701086EA0202202195
B1155474632727N00701086EA0202502199
B1155484632731N00701086EA0202902203
B1155494632735N00701087EA0203102207
B1155504632738N00701089EA0203302211
B1155514632742N00701091EA0203602210
B1155524632745N00701095EA0203802214
B1155534632746N00701100EA0204102217
B1155544632746N00701105EA0204302220
B1155554632744N00701110EA0204602222
B1155564632742N00701115EA0204902226
B1155574632738N00701120EA0205202225
B1155584632733N00701125EA0205502228
B1155594632728N00701129EA0205702232
B1156004632723N00701130EA0205702235
B1156014632717N00701129EA0205802238
B1156024632711N00701127EA0206002240
B1156034632706N00701125EA0206102244
B1156044632700N00701122EA0206302246
B1156054632695N00701117EA0206602249
B1156064632691N00701112EA0206802253
B1156084632687N00701100EA0207102256
B1156094632687N00701094EA0207402260
B1156104632687N00701090EA0207602263
B1156114632688N00701087EA0207702267
B1156124632690N00701085EA0207702270
B1156134632693N00701083EA0207802273
B1156144632696N00701081EA0207902275
B1156154632700N00701081EA0208202277
B1156164632703N00701084EA0208502280
B1156174632705N00701088EA0208702282
B1156184632706N00701095EA0209002285
B1156194632705N00701102EA0209402292
B1156204632702N00701109EA0209702292
B1156214632699N00701115EA0209802294
B1156224632695N00701120EA0209902296
B1156234632690N00701125EA0210002299
B1156244632684N00701129EA0210102301
B1156254632678N00701130EA0210202303
B1156264632672N00701129EA0210402305
B1156274632667N00701126EA0210502307
B1156284632663N00701122EA0210702310
B1156294632661N00701116EA0210802312
B1156304632660N00701111EA0211002314
B1156314632659N00701105EA0211102317
B1156324632659N00701101EA0211002319
B1156334632661N00701097EA0211002320
B1156344632664N00701094EA0211002322
B1156354632668N00701092EA0211302323
B1156364632671N00701092EA0211602325
B1156374632675N00701094EA0211902327
B1156384632677N00701096EA0212202329
B1156394632680N00701099EA0212402331
B1156404632682N00701102EA0212602334
B1156414632684N00701105EA0212802336
B1156424632687N00701107EA0213002335
B1156434632690N00701111EA0213302338
B1156444632693N00701116EA0213502342
B1156454632696N00701121EA0213602344
B1156464632697N00701127EA0213702346
B1156474632696N00701133EA0213602347
B1156484632694N00701138EA0213602348
B1156494632689N00701141EA0213702350
B1156504632683N00701142EA0213902351
B1156514632678N00701141EA0214002353
B1156524632673N00701140EA0214002354
B1156534632669N00701139EA0213902355
B1156544632664N00701137EA0213902356
B1156554632658N00701133EA0213902356
B1156564632653N00701129EA0213802357
B1156574632649N00701123EA0213902358
B1156584632647N00701117EA0213902359
B1156594632645N00701110EA0213902359
B1157004632644N00701104EA0213802359
B1157014632642N00701097EA0213802359
B1157024632642N00701090EA0213802359
B1157034632641N00701082EA0214102360
B1157044632641N00701075EA0214602361
B1157054632641N00701068EA0214902364
B1157064632641N00701063EA0215102367
B1157074632640N00701059EA0215302370
B1157084632638N00701055EA0215302372
B1157094632637N00701050EA0215302373
B1157104632636N00701043EA0215502375
B1157114632636N00701037EA0215902377
B1157124632636N00701032EA0216102380
LXSB bat: 99% (3637)
LXSB temp: 27 41%
B1157134632636N00701027EA0216302383
B1157144632637N00701023EA0216402385
B1157154632637N00701018EA0216502387
B1157164632637N00701013EA0216602389
B1157174632637N00701007EA0216702388
B1157184632639N00701002EA0216702389
B1157194632643N00700998EA0217002389
B1157204632648N00700997EA0217302391
B1157214632653N00700999EA0217502394
B1157224632656N00701005EA0217702396
B1157234632657N00701011EA0217902399
B1157244632656N00701019EA0218002400
B1157254632654N00701026EA0218102402
B1157264632652N00701032EA0218302404
B1157274632648N00701038EA0218402405
B1157284632643N00701042EA0218402407
B1157294632638N00701045EA0218402408
B1157304632632N00701044EA0218502409
B1157314632625N00701041EA0218802411
B1157324632620N00701035EA0219102412
B1157334632615N00701030EA0219302412
B1157344632611N00701027EA0219402414
B1157354632607N00701024EA0219302416
B1157364632604N00701022EA0219102417
B1157374632600N00701019EA0218802417
B1157384632596N00701016EA0218602415
B1157394632592N00701013EA0218302413
B1157404632586N00701011EA0218202411
B1157414632581N00701008EA0218102411
B1157424632577N00701004EA0217902410
B1157434632573N00700999EA0217702409
B1157444632571N00700994EA0217502407
B1157454632568N00700989EA0217302406
B1157464632566N00700984EA0217202404
B1157474632563N00700978EA0217202403
B1157484632560N00700972EA0217102402
B1157494632558N00700965EA0217202402
B1157504632557N00700958EA0217302402
B1157514632556N00700951EA0217402403
B1157524632554N00700945EA0217402404
B1157534632553N00700939EA0217302404
B1157544632552N00700933EA0217302404
B1157554632551N00700928EA0217102403
B1157564632549N00700923EA0216902402
B1157574632548N00700917EA0216802401
B1157584632546N00700912EA0216802400
B1157594632544N00700906EA0216802399
B1158004632541N00700901EA0216902399
B1158014632538N00700895EA0216802398
B1158024632536N00700891EA0216702398
B1158034632534N00700886EA0216602397
B1158044632532N00700881EA0216502396
B1158054632529N00700877EA0216502396
B1158064632526N00700872EA0216302395
B1158074632523N00700867EA0216202394
B1158084632520N00700863EA0216102394
B1158094632516N00700859EA0216102393
B1158104632512N00700854EA0216002392
B1158114632509N00700849EA0216002392
B1158124632505N00700844EA0216002391
B1158134632502N00700839EA0215902391
B1158144632499N00700834EA0215802390
B1158154632495N00700829EA0215702390
B1158174632489N00700819EA0215702389
B1158184632485N00700813EA0215702389
B1158194632482N00700808EA0215802389
B1158204632479N00700804EA0215702389
B1158214632476N00700799EA0215702389
B1158224632473N00700794EA0215602388
B1158234632470N00700789EA0215602387
B1158244632467N00700783EA0215602387
B1158254632465N00700778EA0215602387
B1158264632462N00700773EA0215702388
B1158274632460N00700767EA0215602388
B1158284632457N00700762EA0215602387
B1158294632455N00700756EA0215502387
B1158304632452N00700750EA0215502386
B1158314632449N00700745EA0215402386
B1158324632446N00700739EA0215302385
B1158334632443N00700734EA0215202383
B1158344632440N00700728EA0215202382
B1158354632437N00700722EA0215102382
B1158364632433N00700716EA0215002381
B1158374632430N00700710EA0215002381
B1158384632426N00700705EA0214902380
B1158394632423N00700700EA0214702379
B1158404632419N00700696EA0214502378
B1158414632414N00700691EA0214402377
B1158424632410N00700687EA0214402377
B1158434632405N00700684EA0214402376
B1158444632401N00700681EA0214202375
B1158454632397N00700678EA0213902374
B1158464632393N00700676EA0213702372
B1158474632388N00700673EA0213502371
B1158484632383N00700671EA0213302370
B1158494632379N00700670EA0213202368
B1158504632374N00700669EA0213202367
B1158514632369N00700669EA0213202366
B1158524632364N00700667EA0213002365
B1158534632360N00700665EA0213002363
B1158544632356N00700662EA0213002363
B1158554632352N00700658EA0213002362
B1158564632348N00700654EA0213002362
B1158574632345N00700649EA0213002361
B1158584632342N00700644EA0212802360
B1158594632340N00700638EA0212502359
B1159004632337N00700632EA0212402357
B1159014632333N00700627EA0212402357
B1159024632329N00700621EA0212402356
B1159034632326N00700616EA0212402355
B1159044632322N00700610EA0212302355
B1159054632318N00700605EA0212302354
B1159064632315N00700598EA0212202354
B1159074632312N00700592EA0212202353
B1159084632308N00700586EA0212202353
B1159094632306N00700580EA0212102352
B1159104632302N00700574EA0211902351
B1159114632299N00700567EA0211902350
B1159124632296N00700561EA0211902349
B1159134632292N00700555EA0211902348
B1159144632288N00700549EA0211802348
B1159154632285N00700543EA0211702347
B1159164632282N00700536EA0211602346
B1159174632279N00700529EA0211602344
B1159184632276N00700521EA0211602344
B1159194632272N00700514EA0211702344
B1159204632268N00700507EA0211902345
B1159214632265N00700501EA0211902346
B1159224632261N00700494EA0212002346
B1159234632258N00700487EA0212102346
B1159244632255N00700479EA0212202347
B1159254632251N00700472EA0212402348
B1159264632247N00700465EA0212602349
B1159274632243N00700459EA0212802350
B1159284632239N00700453EA0212902351
B1159294632235N00700447EA0213002352
B1159304632231N00700441EA0213102353
B1159314632227N00700434EA0213202354
B1159324632223N00700427EA0213402356
B1159334632220N00700420EA0213602358
B1159344632216N00700413EA0213802359
B1159354632212N00700406EA0213902361
B1159364632208N00700399EA0214002362
B1159374632204N00700392EA0214102364
B1159384632200N00700385EA0214202366
B1159394632197N00700377EA0214402368
B1159404632194N00700369EA0214502369
B1159414632193N00700360EA0214602371
B1159424632194N00700351EA0214702372
B1159434632196N00700342EA0214902373
B1159444632198N00700334EA0215102375
B1159454632201N00700326EA0215202376
B1159464632204N00700319EA0215402378
B1159474632207N00700314EA0215402378
B1159484632211N00700309EA0215402378
B1159494632216N00700306EA0215502379
B1159504632221N00700305EA0215702380
B1159514632226N00700305EA0215902381
B1159524632231N00700306EA0216202383
B1159534632235N00700308EA0216402385
B1159544632238N00700311EA0216602387
B1159554632240N00700315EA0216702389
B1159564632241N00700320EA0216802390
B1159574632241N00700326EA0216802391
B1159584632241N00700332EA0216902392
B1159594632239N00700337EA0217002393
B1200004632237N00700342EA0217102394
B1200014632234N00700346EA0217202395
B1200024632230N00700350EA0217302396
B1200034632226N00700353EA0217402397
B1200044632221N00700355EA0217602398
B1200054632216N00700355EA0217802400
B1200064632210N00700354EA0218002402
B1200074632205N00700353EA0218202405
B1200084632201N00700351EA0218302406
B1200094632196N00700350EA0218502408
B1200104632191N00700348EA0218602410
B1200114632186N00700344EA0218702411
B1200124632181N00700338EA0218802413
B1200134632177N00700332EA0219002414
B1200144632174N00700324EA0219202416
B1200154632172N00700316EA0219302418
B1200164632171N00700307EA0219402419
B1200174632171N00700299EA0219602421
B1200184632171N00700291EA0219702422
B1200194632172N00700283EA0219702423
B1200204632174N00700274EA0219802424
B1200214632175N00700267EA0219902425
B1200224632178N00700260EA0220002425
B1200234632181N00700254EA0220202426
B1200244632185N00700248EA0220402428
B1200254632188N00700244EA0220502430
B1200264632193N00700242EA0220502431
B1200274632197N00700242EA0220602432
B1200284632201N00700245EA0220702433
B1200294632204N00700248EA0220902435
B1200304632207N00700253EA0221102436
B1200314632208N00700258EA0221302438
B1200324632209N00700264EA0221502440
B1200334632208N00700270EA0221702441
B1200344632206N00700276EA0221902442
B1200354632203N00700281EA0222002445
B1200364632199N00700285EA0222202447
B1200374632195N00700287EA0222402449
B1200384632190N00700288EA0222502451
B1200394632184N00700287EA0222602452
B1200414632172N00700281EA0222702453
B1200424632167N00700276EA0222802455
B1200434632163N00700270EA0222902456
B1200444632160N00700262EA0223002458
B1200454632158N00700254EA0223102459
B1200464632158N00700245EA0223202460
B1200474632159N00700236EA0223202461
B1200484632161N00700229EA0223302462
B1200494632165N00700222EA0223402463
B1200504632169N00700217EA0223602464
B1200514632173N00700213EA0223802465
B1200524632178N00700211EA0224002467
B1200534632182N00700209EA0224202469
B1200544632186N00700208EA0224402470
B1200554632190N00700208EA0224602471
B1200564632195N00700210EA0224802474
B1200574632198N00700212EA0224902476
B1200584632201N00700216EA0225102477
B1200594632202N00700220EA0225202479
B1201004632203N00700226EA0225502481
B1201014632201N00700232EA0225602482
B1201024632199N00700238EA0225902484
B1201034632195N00700242EA0226102485
B1201044632191N00700244EA0226302487
B1201054632186N00700245EA0226502489
B1201064632181N00700244EA0226602491
B1201074632175N00700242EA0226702493
B1201084632170N00700240EA0226702494
B1201094632166N00700236EA0226802495
B1201104632162N00700230EA0226902496
B1201114632159N00700222EA0227002497
B1201124632157N00700213EA0227102498
B1201134632156N00700204EA0227302499
B1201144632156N00700196EA0227402501
B1201154632158N00700188EA0227502502
B1201164632160N00700181EA0227602503
B1201174632163N00700175EA0227602503
B1201184632167N00700171EA0227802504
B1201194632171N00700166EA0228002506
B1201204632175N00700162EA0228202508
B1201214632179N00700159EA0228302510
B1201224632182N00700157EA0228402512
B1201234632186N00700156EA0228502512
B1201244632190N00700156EA0228502513
B1201254632195N00700156EA0228602515
B1201264632199N00700158EA0228702517
B1201274632202N00700161EA0228802518
B1201284632204N00700166EA0229002520
B1201294632205N00700172EA0229102521
B1201304632206N00700178EA0229302522
B1201314632205N00700183EA0229502524
B1201324632203N00700189EA0229502525
B1201334632201N00700193EA0229702526
B1201344632197N00700198EA0229802527
B1201354632193N00700202EA0230002529
B1201364632189N00700205EA0230202531
B1201374632185N00700207EA0230302533
B1201384632181N00700207EA0230302534
B1201394632176N00700205EA0230302535
B1201404632171N00700202EA0230402536
B1201414632167N00700197EA0230502537
B1201424632163N00700191EA0230602539
B1201434632161N00700184EA0230702540
B1201444632160N00700176EA0230802541
B1201454632160N00700168EA0230902542
B1201464632161N00700160EA0231002543
B1201474632163N00700153EA0231102543
B1201484632166N00700147EA0231102543
B1201494632170N00700142EA0231302544
B1201504632174N00700138EA0231402545
B1201514632178N00700135EA0231602547
B1201524632182N00700132EA0231702548
B1201534632186N00700129EA0231902550
B1201544632190N00700126EA0232002551
B1201554632194N00700123EA0232202552
B1201564632198N00700121EA0232302554
B1201574632202N00700119EA0232502555
B1201584632207N00700116EA0232602557
B1201594632211N00700113EA0232602558
B1202004632216N00700111EA0232802559
B1202014632221N00700109EA0232902560
B1202024632225N00700108EA0233002562
B1202034632229N00700110EA0233102563
B1202044632232N00700114EA0233202564
B1202054632234N00700119EA0233402565
B1202064632235N00700125EA0233702567
B1202074632235N00700130EA0234002568
B1202084632234N00700136EA0234202570
B1202094632234N00700141EA0234402572
B1202104632233N00700146EA0234602573
B1202114632231N00700151EA0234802575
B1202124632229N00700156EA0235002578
B1202134632225N00700159EA0235202580
B1202144632220N00700160EA0235302582
B1202154632216N00700159EA0235402581
B1202164632212N00700157EA0235502583
LXSB bat: 99% (3639)
LXSB temp: 25 42%
B1202174632209N00700152EA0235602584
B1202184632205N00700146EA0235802586
B1202194632203N00700139EA0235802587
B1202204632201N00700130EA0235902589
B1202214632202N00700121EA0236102589
B1202224632204N00700113EA0236302591
B1202234632208N00700106EA0236502592
B1202244632212N00700100EA0236702593
B1202254632216N00700095EA0237002596
B1202264632221N00700091EA0237302598
B1202284632229N00700088EA0237402601
B1202294632233N00700089EA0237502602
B1202304632237N00700092EA0237702604
B1202314632240N00700097EA0237902606
B1202324632241N00700102EA0238102608
B1202334632241N00700107EA0238202609
B1202344632240N00700113EA0238502611
B1202354632238N00700118EA0238802612
B1202364632234N00700123EA0239102614
B1202374632231N00700127EA0239402616
B1202384632227N00700129EA0239602622
B1202394632222N00700130EA0239702624
B1202404632217N00700129EA0239802626
B1202414632212N00700125EA0239902628
B1202424632208N00700120EA0240102626
B1202434632205N00700113EA0240202628
B1202444632203N00700106EA0240402629
B1202454632202N00700098EA0240502631
B1202464632203N00700090EA0240602632
B1202474632205N00700082EA0240702633
B1202484632208N00700074EA0240902634
B1202494632211N00700069EA0241102636
B1202504632215N00700065EA0241302638
B1202514632219N00700062EA0241502641
B1202524632224N00700061EA0241802643
B1202534632228N00700062EA0242102645
B1202544632232N00700063EA0242302648
B1202554632236N00700064EA0242502650
B1202564632240N00700066EA0242602652
B1202574632243N00700070EA0242802653
B1202584632245N00700075EA0243002655
B1202594632246N00700081EA0243202654
B1203004632247N00700087EA0243502655
B1203014632248N00700092EA0243702657
B1203024632247N00700098EA0243902659
B1203034632246N00700103EA0244002660
B1203044632243N00700109EA0244202662
B1203054632240N00700115EA0244302664
B1203064632235N00700119EA0244502667
B1203074632230N00700121EA0244702669
B1203084632225N00700121EA0244802671
B1203094632221N00700119EA0244902673
B1203104632216N00700115EA0245002675
B1203114632212N00700110EA0245102677
B1203124632209N00700103EA0245202678
B1203134632206N00700095EA0245302680
B1203144632205N00700087EA0245502681
B1203154632204N00700078EA0245602683
B1203164632205N00700070EA0245602684
B1203174632207N00700061EA0245702685
B1203184632210N00700054EA0245902686
B1203194632214N00700047EA0246002688
B1203204632218N00700042EA0246102689
B1203214632223N00700037EA0246302691
B1203224632228N00700035EA0246502693
B1203234632232N00700033EA0246702695
B1203244632237N00700033EA0246902697
B1203254632241N00700033EA0247102699
B1203264632246N00700033EA0247302701
B1203274632251N00700035EA0247502703
B1203284632255N00700037EA0247802706
B1203294632259N00700041EA0248002705
B1203304632261N00700046EA0248302707
B1203314632263N00700052EA0248502709
B1203324632265N00700057EA0248802711
B1203334632265N00700062EA0249002713
B1203344632263N00700067EA0249102715
B1203354632261N00700071EA0249202717
B1203364632257N00700074EA0249402719
B1203374632252N00700074EA0249602721
B1203384632247N00700073EA0249802723
B1203394632242N00700069EA0250002725
B1203404632237N00700064EA0250302728
B1203414632234N00700057EA0250502730
B1203424632231N00700049EA0250602732
B1203434632229N00700041EA0250802735
B1203444632227N00700032EA0251002733
B1203454632226N00700023EA0251202735
B1203464632226N00700014EA0251402737
B1203474632227N00700006EA0251602740
B1203484632230N00659999EA0251802740
B1203504632238N00659988EA0252002740
B1203514632243N00659986EA0252102746
B1203524632248N00659985EA0252302748
B1203534632252N00659985EA0252502752
B1203544632257N00659986EA0252802754
B1203554632262N00659986EA0253102757
B1203564632267N00659987EA0253302760
B1203574632270N00659990EA0253502759
B1203584632272N00659994EA0253702761
B1203594632273N00700000EA0254102761
B1204014632271N00700011EA0254402761
B1204024632269N00700016EA0254602768
B1204034632266N00700019EA0254802771
B1204044632261N00700022EA0255002774
B1204054632257N00700023EA0255202777
B1204064632252N00700022EA0255402776
B1204074632248N00700020EA0255502778
B1204084632244N00700016EA0255502779
B1204094632241N00700011EA0255502781
B1204104632238N00700003EA0255602782
B1204114632236N00659994EA0256102782
B1204134632236N00659976EA0256302786
B1204144632238N00659970EA0256402788
B1204154632240N00659964EA0256502790
B1204164632243N00659958EA0256502791
B1204174632246N00659951EA0256602793
B1204184632250N00659944EA0256802794
B1204194632254N00659939EA0257002796
B1204204632258N00659935EA0257302797
B1204214632263N00659934EA0257402799
B1204224632267N00659933EA0257602801
B1204234632272N00659934EA0257902803
B1204244632275N00659936EA0258102805
B1204254632278N00659939EA0258302808
B1204264632280N00659943EA0258502811
B1204274632281N00659949EA0258702813
B1204284632281N00659954EA0259002812
B1204294632281N00659959EA0259202814
B1204304632279N00659964EA0259502816
B1204314632276N00659969EA0259702819
B1204324632272N00659972EA0259902823
B1204334632268N00659974EA0260002826
B1204344632263N00659976EA0260302829
B1204354632258N00659976EA0260502831
B1204364632253N00659975EA0260702834
B1204374632248N00659972EA0260902833
B1204384632244N00659968EA0261002834
B1204394632241N00659962EA0261102836
B1204404632237N00659955EA0261202838
B1204414632235N00659948EA0261502840
B1204424632233N00659941EA0261602842
B1204434632232N00659934EA0261702844
B1204444632233N00659926EA0261802845
B1204454632234N00659918EA0261902847
B1204464632236N00659911EA0262002848
B1204474632239N00659903EA0262102850
B1204484632242N00659897EA0262302852
B1204494632246N00659892EA0262602854
B1204504632251N00659887EA0262702857
B1204514632255N00659883EA0262902859
B1204524632261N00659881EA0263002861
B1204534632266N00659879EA0263202863
B1204544632272N00659879EA0263502865
B1204554632276N00659881EA0263702868
B1204564632279N00659885EA0263902870
B1204574632281N00659889EA0264202872
B1204584632282N00659894EA0264302874
B1204594632281N00659899EA0264402876
B1205004632280N00659904EA0264502878
B1205014632278N00659908EA0264702880
B1205024632275N00659913EA0264802881
B1205034632270N00659917EA0264902884
B1205044632265N00659918EA0265102886
B1205054632259N00659917EA0265302888
B1205064632254N00659914EA0265402890
B1205074632250N00659909EA0265502893
B1205084632247N00659902EA0265602894
B1205094632244N00659893EA0265802893
B1205104632244N00659884EA0265902895
B1205114632245N00659875EA0266102896
B1205124632248N00659867EA0266202898
B1205134632251N00659860EA0266402900
B1205144632255N00659852EA0266502901
B1205154632258N00659845EA0266702903
B1205164632262N00659839EA0266902905
B1205174632267N00659833EA0267102906
B1205184632272N00659829EA0267202909
B1205194632277N00659827EA0267302910
B1205204632281N00659826EA0267502912
B1205214632286N00659827EA0267602915
B1205224632290N00659829EA0267802917
B1205244632296N00659835EA0267902919
B1205254632298N00659840EA0268002920
B1205264632299N00659845EA0268102922
B1205274632299N00659850EA0268302923
B1205284632299N00659855EA0268402924
B1205294632298N00659860EA0268502927
B1205304632295N00659865EA0268602928
B1205314632292N00659869EA0268802930
B1205324632289N00659872EA0268902931
B1205334632285N00659874EA0269002933
B1205344632280N00659876EA0269202934
B1205354632275N00659876EA0269202936
B1205364632270N00659875EA0269302938
B1205374632265N00659872EA0269402939
B1205384632261N00659868EA0269502941
B1205394632256N00659863EA0269602942
B1205404632253N00659857EA0269602944
B1205414632250N00659850EA0269702945
B1205424632249N00659841EA0269702945
B1205434632249N00659832EA0269602945
B1205444632251N00659824EA0269702946
B1205454632253N00659815EA0270002947
B1205464632256N00659808EA0270202948
B1205474632260N00659802EA0270402950
B1205484632263N00659797EA0270602952
B1205494632267N00659792EA0270702953
B1205504632271N00659788EA0270802955
B1205514632276N00659784EA0270902956
B1205524632281N00659782EA0270902957
B1205534632286N00659781EA0271002959
B1205544632291N00659781EA0271102960
B1205554632295N00659782EA0271202961
B1205564632299N00659785EA0271302962
B1205574632302N00659789EA0271402963
B1205584632305N00659793EA0271402964
B1205594632308N00659798EA0271602966
B1206004632310N00659802EA0271702967
B1206014632312N00659807EA0271802968
B1206024632313N00659813EA0272002969
B1206034632314N00659819EA0272102970
B1206044632314N00659825EA0272302971
B1206054632314N00659831EA0272502973
B1206064632314N00659837EA0272702974
B1206074632315N00659842EA0272802976
B1206084632315N00659848EA0273002978
B1206094632315N00659853EA0273202979
B1206104632314N00659858EA0273502981
B1206114632312N00659863EA0273702982
B1206124632309N00659866EA0273902984
B1206134632305N00659868EA0274202987
B1206144632300N00659869EA0274402989
B1206154632296N00659868EA0274502991
B1206164632291N00659866EA0274402993
B1206174632287N00659863EA0274402995
B1206184632282N00659859EA0274502996
B1206194632277N00659856EA0274502998
B1206204632271N00659852EA0274602999
B1206214632265N00659849EA0274603000
B1206224632260N00659846EA0274703001
B1206234632253N00659843EA0274803001
B1206244632247N00659840EA0274803003
B1206254632241N00659838EA0274903004
B1206264632235N00659836EA0275003005
B1206274632229N00659834EA0275003005
B1206284632223N00659831EA0275103006
B1206294632217N00659829EA0275303007
B1206304632211N00659827EA0275403009
B1206314632205N00659824EA0275603010
B1206324632199N00659822EA0275703011
B1206334632193N00659819EA0275903013
B1206344632187N00659817EA0276103014
B1206354632181N00659816EA0276303015
B1206364632176N00659814EA0276503017
B1206374632170N00659812EA0276703019
B1206384632165N00659810EA0276803020
B1206394632160N00659807EA0276903022
B1206404632154N00659804EA0277003023
B1206414632148N00659802EA0277103024
B1206424632142N00659799EA0277203026
B1206434632137N00659796EA0277303027
B1206444632131N00659792EA0277303028
B1206454632125N00659789EA0277403030
B1206464632120N00659787EA0277503030
B1206474632114N00659785EA0277603031
B1206484632107N00659784EA0277703032
B1206494632102N00659782EA0277903034
B1206504632096N00659780EA0277903035
B1206514632091N00659779EA0277803036
B1206524632086N00659778EA0277703036
B1206534632080N00659776EA0277603035
B1206544632075N00659775EA0277603035
B1206554632069N00659774EA0277603035
B1206564632063N00659773EA0277603035
B1206574632057N00659772EA0277503035
B1206584632052N00659772EA0277303034
B1206594632046N00659771EA0277103033
B1207004632040N00659771EA0277103032
B1207014632034N00659771EA0277103031
B1207024632028N00659770EA0277103030
B1207034632022N00659770EA0277203030
B1207044632017N00659769EA0277103030
B1207054632012N00659767EA0276903030
B1207064632008N00659767EA0276603028
B1207074632003N00659766EA0276403027
B1207084631998N00659765EA0276203025
B1207094631992N00659765EA0276103024
B1207104631987N00659764EA0276003023
B1207114631982N00659763EA0275803021
B1207124631978N00659762EA0275603020
B1207134631973N00659761EA0275303018
B1207144631968N00659760EA0275103017
B1207154631963N00659760EA0274803014
B1207164631958N00659759EA0274603012
B1207174631952N00659759EA0274403009
B1207184631946N00659758EA0274203006
B1207194631941N00659758EA0274003004
LXSB bat: 97% (3630)
LXSB temp: 23 42%
B1207214631930N00659759EA0273703001
B1207224631925N00659759EA0273402999
B1207234631919N00659759EA0273102996
B1207244631913N00659760EA0272802993
B1207254631908N00659760EA0272602990
B1207264631903N00659762EA0272302987
B1207274631897N00659763EA0272102984
B1207284631892N00659764EA0271702981
B1207294631886N00659765EA0271402983
B1207304631880N00659765EA0271102981
B1207314631874N00659766EA0271002976
B1207324631867N00659766EA0270802973
B1207334631861N00659767EA0270702972
B1207344631855N00659768EA0270602970
B1207354631849N00659768EA0270402968
B1207364631844N00659769EA0270302966
B1207374631838N00659769EA0270102964
B1207384631833N00659771EA0269902961
B1207394631827N00659771EA0269702959
B1207404631821N00659772EA0269402956
B1207414631814N00659772EA0269302954
B1207424631808N00659772EA0269202952
B1207434631802N00659772EA0269202951
B1207444631796N00659772EA0269202949
B1207454631790N00659771EA0269002948
B1207464631784N00659771EA0268902946
B1207474631777N00659771EA0268802945
B1207484631771N00659770EA0268602943
B1207494631764N00659769EA0268402941
B1207504631757N00659768EA0268302940
B1207514631751N00659767EA0268202938
B1207524631745N00659766EA0268202937
B1207534631738N00659766EA0268002936
B1207544631732N00659766EA0267802934
B1207554631726N00659767EA0267602933
B1207564631720N00659766EA0267402931
B1207574631713N00659766EA0267302930
B1207584631707N00659766EA0267202928
B1207594631700N00659765EA0267002926
B1208004631694N00659764EA0266802925
B1208014631688N00659763EA0266702923
B1208024631681N00659762EA0266502921
B1208034631675N00659761EA0266202919
B1208044631669N00659761EA0266002916
B1208054631662N00659760EA0265802914
B1208064631655N00659759EA0265602911
B1208074631648N00659758EA0265502909
B1208084631641N00659758EA0265302907
B1208094631635N00659757EA0265202905
B1208104631628N00659756EA0265002903
B1208114631621N00659755EA0264802901
B1208124631614N00659752EA0264702900
B1208134631608N00659750EA0264602898
B1208144631602N00659748EA0264302897
B1208154631597N00659746EA0264002892
B1208164631592N00659744EA0263602889
B1208174631585N00659742EA0263402884
B1208184631579N00659739EA0263302881
B1208194631572N00659737EA0263302878
B1208204631565N00659735EA0263202876
B1208214631559N00659734EA0263002878
B1208224631554N00659734EA0262702875
B1208234631548N00659734EA0262402873
B1208244631541N00659734EA0262202870
B1208254631534N00659734EA0262002867
B1208264631526N00659733EA0261802866
B1208274631519N00659733EA0261702864
B1208284631512N00659733EA0261502862
B1208294631505N00659734EA0261302863
B1208304631498N00659736EA0261002861
B1208314631492N00659738EA0260902859
B1208324631485N00659741EA0260802857
B1208334631479N00659743EA0260602856
B1208344631473N00659744EA0260302854
B1208354631466N00659744EA0260002852
B1208364631460N00659745EA0259702848
B1208374631453N00659746EA0259502846
B1208384631446N00659747EA0259302844
B1208394631439N00659747EA0259102844
B1208404631432N00659747EA0258802842
B1208414631425N00659746EA0258502840
B1208424631418N00659746EA0258102838
B1208434631411N00659745EA0257702835
B1208444631404N00659746EA0257302832
B1208454631397N00659746EA0257002831
B1208464631390N00659747EA0256802830
B1208474631383N00659747EA0256402827
B1208484631376N00659748EA0256102824
B1208494631369N00659749EA0255702820
B1208504631362N00659751EA0255502816
B1208514631354N00659753EA0255202813
B1208524631346N00659755EA0255002812
B1208534631338N00659757EA0254902809
B1208544631330N00659759EA0254702807
B1208554631322N00659760EA0254702805
B1208564631314N00659761EA0254702804
B1208574631307N00659762EA0254602804
B1208584631300N00659764EA0254302802
B1208594631293N00659766EA0254002801
B1209004631286N00659767EA0253802799
B1209014631278N00659769EA0253602796
B1209024631270N00659770EA0253402794
B1209034631262N00659772EA0253302792
B1209044631254N00659774EA0253202790
B1209054631246N00659775EA0253102789
B1209064631239N00659776EA0252902787
B1209074631231N00659777EA0252602785
B1209084631223N00659778EA0252502783
B1209094631215N00659779EA0252302781
B1209104631207N00659779EA0252302779
B1209114631199N00659780EA0252202777
B1209124631191N00659780EA0252202776
B1209134631183N00659781EA0252102775
B1209144631175N00659782EA0252102774
B1209154631167N00659783EA0252002773
B1209164631159N00659784EA0251802772
B1209174631151N00659786EA0251802770
B1209184631143N00659788EA0251802769
B1209194631135N00659790EA0251902768
B1209204631127N00659791EA0251902768
B1209214631119N00659792EA0251802767
B1209224631112N00659793EA0251602766
B1209234631105N00659794EA0251402765
B1209244631098N00659795EA0251202764
B1209254631090N00659796EA0251202762
B1209264631083N00659797EA0251102761
B1209274631075N00659799EA0251002760
B1209284631068N00659800EA0250902759
B1209294631061N00659802EA0250902758
B1209304631053N00659804EA0250902758
B1209314631046N00659805EA0250802757
B1209324631038N00659807EA0250702756
B1209334631031N00659808EA0250702755
B1209344631024N00659809EA0250602754
B1209354631018N00659811EA0250602753
B1209364631010N00659813EA0250502752
B1209374631003N00659815EA0250502751
B1209384630996N00659817EA0250502751
B1209404630981N00659819EA0250302750
B1209414630974N00659820EA0250202750
B1209424630966N00659821EA0250102748
B1209434630959N00659822EA0249902747
B1209444630951N00659823EA0249702746
B1209454630943N00659824EA0249602745
B1209464630935N00659824EA0249602743
B1209474630927N00659825EA0249702741
B1209484630920N00659826EA0249602740
B1209494630912N00659827EA0249502739
B1209504630905N00659827EA0249402738
B1209514630898N00659828EA0249402737
B1209524630891N00659829EA0249302736
B1209534630883N00659830EA0249202735
B1209544630876N00659830EA0249002734
B1209554630868N00659831EA0249002733
B1209564630860N00659832EA0248902732
B1209574630852N00659833EA0248902731
B1209584630845N00659834EA0248902731
B1209594630837N00659835EA0248802731
B1210004630830N00659835EA0248802730
B1210014630822N00659836EA0249002730
B1210024630814N00659837EA0249102731
B1210034630807N00659837EA0249302731
B1210044630800N00659838EA0249502731
B1210054630794N00659838EA0249602732
B1210064630787N00659838EA0249602733
B1210074630781N00659838EA0249602733
B1210084630774N00659838EA0249502734
B1210094630767N00659837EA0249502734
B1210104630761N00659836EA0249502734
B1210114630754N00659834EA0249302734
B1210124630747N00659832EA0249102734
B1210134630741N00659831EA0248802733
B1210144630734N00659829EA0248602732
B1210154630727N00659829EA0248402730
B1210164630720N00659828EA0248302728
B1210174630713N00659828EA0248202727
B1210184630705N00659827EA0248002726
B1210194630699N00659826EA0247802724
B1210204630692N00659824EA0247602723
B1210214630686N00659823EA0247302721
B1210224630679N00659822EA0247002722
B1210234630673N00659820EA0246802720
B1210244630666N00659818EA0246702718
B1210254630659N00659815EA0246602717
B1210264630653N00659813EA0246302715
B1210274630646N00659812EA0246002713
B1210284630640N00659812EA0245802711
B1210294630633N00659811EA0245602708
B1210304630625N00659810EA0245502706
B1210314630618N00659809EA0245502705
B1210324630611N00659808EA0245502704
B1210334630604N00659808EA0245402703
B1210344630597N00659807EA0245402702
B1210354630590N00659806EA0245502702
B1210364630583N00659805EA0245602702
B1210374630576N00659805EA0245502702
B1210384630570N00659804EA0245302701
B1210394630564N00659802EA0245202699
B1210404630557N00659801EA0244902698
B1210414630550N00659799EA0244802696
B1210424630543N00659797EA0244602694
B1210434630536N00659795EA0244502693
B1210444630529N00659793EA0244302691
B1210454630523N00659792EA0244002689
B1210464630517N00659791EA0243702687
B1210474630510N00659791EA0243402684
B1210484630504N00659790EA0243302682
B1210494630497N00659790EA0243302680
B1210504630490N00659790EA0243402679
B1210514630484N00659790EA0243402678
B1210524630478N00659790EA0243302677
B1210534630472N00659791EA0243302677
B1210544630466N00659792EA0243302676
B1210554630460N00659792EA0243202675
B1210564630454N00659793EA0243102674
B1210574630448N00659793EA0243102673
B1210584630442N00659793EA0243002672
B1210594630435N00659792EA0242902671
B1211004630429N00659792EA0242802669
B1211014630423N00659791EA0242702668
B1211024630416N00659790EA0242602667
B1211034630410N00659789EA0242602666
B1211044630403N00659789EA0242602666
B1211054630397N00659788EA0242702666
B1211064630391N00659787EA0242702666
B1211074630385N00659786EA0242702666
B1211084630380N00659784EA0242602665
B1211094630374N00659782EA0242502665
B1211104630368N00659780EA0242502664
B1211114630362N00659777EA0242402663
B1211124630356N00659775EA0242302663
B1211134630350N00659774EA0242202661
B1211144630344N00659772EA0242002660
B1211154630338N00659771EA0241902659
B1211164630332N00659770EA0241902658
B1211174630326N00659767EA0241802657
B1211184630320N00659765EA0241702657
B1211194630313N00659763EA0241602655
B1211204630307N00659761EA0241502655
B1211214630301N00659760EA0241502654
B1211224630295N00659759EA0241502652
B1211234630289N00659757EA0241502652
B1211244630283N00659755EA0241502652
B1211254630277N00659752EA0241602652
B1211264630272N00659750EA0241502652
B1211274630266N00659748EA0241502652
B1211284630260N00659746EA0241402651
B1211294630254N00659744EA0241402651
B1211304630248N00659742EA0241402651
B1211314630241N00659740EA0241402651
B1211324630235N00659738EA0241402651
B1211334630229N00659736EA0241402651
B1211344630223N00659734EA0241402651
B1211354630216N00659730EA0241502652
B1211364630209N00659727EA0241802652
B1211374630202N00659724EA0241902652
B1211384630196N00659722EA0242102653
B1211394630189N00659720EA0242102655
B1211404630183N00659718EA0242002656
B1211414630178N00659715EA0241802656
B1211424630172N00659713EA0241602655
B1211434630166N00659711EA0241402654
B1211444630160N00659709EA0241302652
B1211454630153N00659708EA0241202651
B1211464630147N00659707EA0241202650
B1211474630141N00659705EA0241102649
B1211484630135N00659704EA0241002649
B1211494630128N00659702EA0240902647
B1211504630122N00659701EA0240702646
B1211514630116N00659700EA0240702644
B1211524630109N00659699EA0240802644
B1211534630103N00659698EA0240902643
B1211544630096N00659697EA0240902643
B1211554630090N00659696EA0241002643
B1211564630084N00659694EA0241002644
B1211574630079N00659692EA0241002644
B1211584630073N00659690EA0241102644
B1211594630067N00659688EA0241102645
B1212004630061N00659686EA0241202646
B1212014630055N00659683EA0241302646
B1212024630049N00659681EA0241302647
B1212034630043N00659678EA0241302647
B1212044630037N00659675EA0241302647
B1212054630031N00659673EA0241302647
B1212064630025N00659670EA0241302647
B1212074630018N00659668EA0241402648
B1212084630011N00659666EA0241402648
B1212094630005N00659664EA0241502648
B1212104629998N00659662EA0241602649
B1212114629991N00659661EA0241702650
B1212124629984N00659658EA0241902651
B1212134629976N00659656EA0242202652
B1212144629969N00659654EA0242502653
B1212154629963N00659652EA0242702654
B1212164629956N00659650EA0242802656
B1212174629950N00659649EA0242902658
B1212184629944N00659647EA0243102660
B1212194629937N00659646EA0243202661
B1212204629931N00659643EA0243302663
B1212224629918N00659637EA0243402664
LXSB bat: 92% (3609)
LXSB temp: 19 46%
B1212234629912N00659634EA0243602666
B1212244629905N00659631EA0243802667
B1212254629899N00659629EA0244002669
B1212264629893N00659628EA0244102671
B1212274629888N00659626EA0244002672
B1212284629882N00659624EA0244002673
B1212294629876N00659621EA0244002674
B1212304629869N00659617EA0244202674
B1212314629863N00659613EA0244602675
B1212324629858N00659610EA0244902677
B1212334629854N00659608EA0245002679
B1212344629851N00659606EA0244902679
B1212354629847N00659604EA0244802679
B1212364629841N00659602EA0244702679
B1212374629835N00659600EA0244802679
B1212384629829N00659598EA0244902679
B1212394629824N00659597EA0245102679
B1212404629819N00659596EA0245102680
B1212414629815N00659595EA0245102681
B1212424629810N00659593EA0245102681
B1212434629806N00659591EA0245002680
B1212444629801N00659588EA0245002680
B1212454629796N00659585EA0244902680
B1212464629792N00659582EA0244902680
B1212474629787N00659579EA0244902680
B1212484629782N00659577EA0244902680
B1212494629776N00659575EA0245002681
B1212504629771N00659572EA0245002682
B1212514629767N00659570EA0245002683
B1212524629762N00659569EA0245002683
B1212534629756N00659567EA0245002683
B1212544629751N00659565EA0244802682
B1212554629747N00659563EA0244602682
B1212564629742N00659560EA0244302681
B1212574629736N00659557EA0244102680
B1212584629731N00659555EA0244002678
B1212594629724N00659552EA0243802677
B1213004629718N00659550EA0243702676
B1213014629712N00659548EA0243602675
B1213024629707N00659546EA0243502674
B1213034629701N00659543EA0243302673
B1213044629695N00659541EA0243202672
B1213054629689N00659539EA0243002671
B1213064629683N00659538EA0242902670
B1213074629676N00659536EA0242902669
B1213084629670N00659534EA0242802669
B1213094629664N00659531EA0242802668
B1213104629658N00659527EA0242802667
B1213114629652N00659523EA0242702667
B1213124629646N00659520EA0242602666
B1213134629640N00659516EA0242502665
B1213144629634N00659512EA0242402664
B1213154629629N00659507EA0242302662
B1213164629623N00659502EA0242202661
B1213174629618N00659497EA0242002659
B1213184629612N00659493EA0241702657
B1213194629606N00659488EA0241502654
B1213204629600N00659484EA0241402652
B1213214629593N00659478EA0241202650
B1213224629587N00659473EA0241202648
B1213234629580N00659468EA0241102647
B1213244629574N00659464EA0240902645
B1213254629568N00659459EA0240702644
B1213264629561N00659454EA0240602642
B1213274629555N00659449EA0240602641
B1213284629548N00659445EA0240502640
B1213294629541N00659440EA0240502639
B1213304629535N00659436EA0240402637
B1213314629528N00659432EA0240202636
B1213324629521N00659428EA0240202635
B1213334629515N00659424EA0240102634
B1213344629508N00659419EA0240102633
B1213354629501N00659415EA0240102633
B1213364629495N00659412EA0240102632
B1213374629488N00659409EA0240102632
B1213384629482N00659407EA0240002632
B1213394629476N00659404EA0240002633
B1213404629469N00659401EA0240002633
B1213414629463N00659399EA0240002633
B1213424629457N00659396EA0239902632
B1213434629450N00659393EA0239802632
B1213444629444N00659390EA0239702631
B1213454629437N00659387EA0239602631
B1213464629431N00659384EA0239502630
B1213474629425N00659382EA0239302628
B1213484629419N00659379EA0239202627
B1213494629412N00659377EA0239102626
B1213504629405N00659374EA0239002625
B1213514629399N00659372EA0238902625
B1213524629393N00659370EA0238802624
B1213534629387N00659367EA0238502622
B1213544629381N00659365EA0238402619
B1213554629375N00659363EA0238202617
B1213564629368N00659361EA0238202615
B1213574629361N00659359EA0238202614
B1213584629355N00659357EA0238102614
B1213594629348N00659354EA0238102614
B1214004629342N00659352EA0238002613
B1214014629336N00659350EA0237902612
B1214024629329N00659349EA0237802611
B1214034629323N00659347EA0237802611
B1214044629317N00659345EA0237702610
B1214054629310N00659343EA0237602610
B1214064629304N00659342EA0237602610
B1214074629297N00659340EA0237502609
B1214084629291N00659338EA0237502609
B1214094629284N00659336EA0237502609
B1214104629277N00659334EA0237602609
B1214114629271N00659333EA0237602609
B1214124629265N00659331EA0237502610
B1214134629259N00659329EA0237402609
B1214144629253N00659327EA0237302609
B1214154629247N00659325EA0237202608
B1214174629234N00659321EA0237102608
B1214184629228N00659319EA0237002607
B1214194629222N00659317EA0236802607
B1214204629216N00659315EA0236702606
B1214214629210N00659312EA0236502605
B1214224629204N00659311EA0236402603
B1214234629197N00659309EA0236202601
B1214244629191N00659308EA0236002599
B1214254629185N00659306EA0235802597
B1214264629178N00659304EA0235602596
B1214274629172N00659302EA0235402594
B1214284629165N00659300EA0235302593
B1214294629159N00659298EA0235202592
B1214304629153N00659296EA0235102591
B1214314629146N00659295EA0234902589
B1214324629140N00659293EA0234802588
B1214334629133N00659292EA0234702586
B1214344629126N00659290EA0234602585
B1214354629119N00659289EA0234502584
B1214364629112N00659287EA0234402582
B1214374629106N00659285EA0234402581
B1214384629099N00659283EA0234302580
B1214394629092N00659282EA0234302579
B1214404629086N00659280EA0234202578
B1214414629079N00659278EA0234102577
B1214424629072N00659277EA0234002576
B1214434629066N00659275EA0234002576
B1214444629059N00659274EA0234002576
B1214454629053N00659274EA0234102575
B1214464629047N00659274EA0234102575
B1214474629040N00659274EA0233902574
B1214484629034N00659273EA0233702573
B1214494629028N00659272EA0233602573
B1214504629022N00659272EA0233502572
B1214514629015N00659271EA0233302571
B1214524629008N00659270EA0233202570
B1214534629002N00659268EA0233102569
B1214544628996N00659265EA0233102568
B1214554628989N00659263EA0233002568
B1214564628983N00659262EA0233002567
B1214574628977N00659260EA0232802566
B1214584628970N00659258EA0232602564
B1214594628964N00659256EA0232502562
B1215004628957N00659254EA0232402560
B1215014628949N00659252EA0232402560
B1215024628943N00659250EA0232502559
B1215034628937N00659249EA0232502559
B1215044628930N00659247EA0232402558
B1215054628924N00659246EA0232402558
B1215064628917N00659245EA0232302557
B1215074628911N00659243EA0232202557
B1215084628904N00659242EA0232302557
B1215094628897N00659240EA0232302557
B1215104628891N00659238EA0232102556
B1215114628884N00659237EA0232002556
B1215124628878N00659235EA0231802555
B1215134628871N00659233EA0231702554
B1215144628864N00659231EA0231702553
B1215154628857N00659229EA0231602553
B1215164628850N00659227EA0231702552
B1215174628844N00659225EA0231702552
B1215184628837N00659224EA0231602552
B1215194628830N00659222EA0231602551
B1215204628823N00659221EA0231502550
B1215214628816N00659219EA0231502549
B1215224628809N00659217EA0231502549
B1215234628802N00659214EA0231502549
B1215244628796N00659212EA0231502548
B1215254628789N00659210EA0231402547
B1215264628782N00659208EA0231302547
B1215274628775N00659205EA0231202546
B1215284628769N00659202EA0231202545
B1215294628762N00659200EA0231202545
B1215304628756N00659197EA0231202545
B1215314628750N00659194EA0231102544
B1215324628744N00659191EA0231102544
B1215334628737N00659189EA0231102544
B1215344628731N00659186EA0231102544
B1215354628725N00659183EA0231002544
B1215364628719N00659181EA0230902542
B1215374628713N00659179EA0230802541
B1215384628706N00659177EA0230702540
B1215394628700N00659175EA0230702539
B1215404628693N00659172EA0230702539
B1215414628686N00659170EA0230702538
B1215424628680N00659168EA0230602538
B1215434628674N00659166EA0230602538
B1215444628668N00659164EA0230602538
B1215454628661N00659162EA0230702538
B1215464628655N00659159EA0230702540
B1215474628649N00659156EA0230802541
B1215484628644N00659153EA0230802541
B1215494628638N00659150EA0230702541
B1215504628631N00659147EA0230702541
B1215514628625N00659144EA0230702541
B1215524628619N00659141EA0230802541
B1215534628613N00659138EA0230802541
B1215544628606N00659135EA0230802541
B1215554628600N00659132EA0230902542
B1215564628594N00659129EA0230902542
B1215574628588N00659127EA0230902542
B1215584628582N00659125EA0230902543
B1215594628576N00659122EA0230902543
B1216004628570N00659119EA0231002543
B1216014628563N00659116EA0231002543
B1216024628556N00659114EA0231002543
B1216034628550N00659111EA0231002544
B1216044628543N00659109EA0231002544
B1216054628536N00659106EA0231002544
B1216064628530N00659102EA0231102545
B1216074628523N00659099EA0231102545
B1216084628517N00659095EA0231202545
B1216094628510N00659092EA0231302545
B1216104628504N00659089EA0231302546
B1216114628498N00659086EA0231302546
B1216124628492N00659083EA0231202546
B1216134628486N00659080EA0231202546
B1216144628480N00659076EA0231102545
B1216154628473N00659073EA0231102544
B1216164628467N00659069EA0231102544
B1216174628460N00659065EA0231202544
B1216184628454N00659061EA0231102544
B1216194628449N00659057EA0231002544
B1216204628443N00659053EA0231002544
B1216214628437N00659050EA0230902542
B1216224628430N00659047EA0230802541
B1216234628424N00659045EA0230802541
B1216244628417N00659042EA0230802540
B1216254628411N00659040EA0230702540
B1216264628404N00659038EA0230502539
B1216274628398N00659036EA0230402538
B1216284628391N00659034EA0230302537
B1216294628385N00659032EA0230302536
B1216304628378N00659029EA0230202535
B1216314628371N00659027EA0230102534
B1216324628365N00659024EA0229902532
B1216334628358N00659022EA0229802531
B1216344628351N00659021EA0229602529
B1216354628344N00659019EA0229502528
B1216364628337N00659017EA0229402526
B1216374628330N00659015EA0229302525
B1216384628323N00659013EA0229302524
B1216394628316N00659011EA0229302523
B1216404628309N00659010EA0229302522
B1216424628295N00659008EA0229302522
B1216434628288N00659007EA0229302522
B1216444628281N00659005EA0229202522
B1216454628274N00659004EA0229102522
B1216464628268N00659002EA0229002522
B1216474628261N00659001EA0229002522
B1216484628254N00658999EA0229002523
B1216494628248N00658997EA0229002523
B1216504628242N00658995EA0229002523
B1216514628236N00658993EA0229102523
B1216524628230N00658991EA0229002523
B1216534628224N00658990EA0228802521
B1216544628218N00658988EA0228702521
B1216554628212N00658986EA0228602520
B1216564628205N00658984EA0228602520
B1216574628198N00658982EA0228702519
B1216584628192N00658980EA0228802519
B1216594628186N00658978EA0228802519
B1217004628180N00658977EA0228802518
B1217014628174N00658975EA0228602518
B1217024628168N00658973EA0228502517
B1217034628162N00658970EA0228302516
B1217044628155N00658967EA0228202515
B1217054628149N00658965EA0228102514
B1217064628142N00658962EA0228002513
B1217074628136N00658959EA0227902512
B1217084628129N00658957EA0227802511
B1217094628123N00658954EA0227702510
B1217104628116N00658951EA0227702509
B1217114628110N00658948EA0227602508
B1217124628103N00658945EA0227602507
B1217134628097N00658943EA0227502506
B1217144628091N00658941EA0227302504
B1217154628084N00658939EA0227102502
B1217164628077N00658938EA0226902500
B1217174628070N00658936EA0226902499
B1217184628063N00658933EA0226902498
B1217194628056N00658931EA0226902498
B1217204628049N00658928EA0227002499
B1217214628042N00658927EA0227102499
B1217224628035N00658925EA0227102499
B1217234628028N00658924EA0227202499
B1217244628021N00658922EA0227302500
LXSB bat: 93% (3610)
LXSB temp: 17 48%
B1217254628015N00658920EA0227402501
B1217264628009N00658918EA0227502502
B1217274628002N00658916EA0227702504
B1217284627996N00658914EA0227902505
B1217294627990N00658912EA0228102506
B1217304627985N00658910EA0228102508
B1217314627980N00658909EA0228102508
B1217324627975N00658907EA0228102509
B1217334627969N00658905EA0228102509
B1217344627963N00658902EA0228302510
B1217354627957N00658900EA0228502511
B1217364627952N00658898EA0228602513
B1217374627947N00658897EA0228702514
B1217384627942N00658895EA0228702515
B1217394627937N00658894EA0228702515
B1217404627932N00658892EA0228802516
B1217414627927N00658890EA0228902517
B1217424627921N00658889EA0228902517
B1217434627916N00658888EA0228902518
B1217444627910N00658886EA0228902518
B1217454627905N00658883EA0228802518
B1217464627900N00658881EA0228702518
B1217474627894N00658879EA0228602518
B1217484627889N00658878EA0228502516
B1217494627883N00658876EA0228402515
B1217504627878N00658873EA0228402515
B1217514627872N00658872EA0228402515
B1217524627867N00658870EA0228302514
B1217534627861N00658870EA0228202514
B1217544627856N00658869EA0228002512
B1217554627850N00658868EA0227902510
B1217564627844N00658868EA0227802509
B1217574627838N00658867EA0227702508
B1217584627832N00658867EA0227602507
B1217594627827N00658866EA0227502506
B1218004627821N00658864EA0227302505
B1218014627815N00658863EA0227202504
B1218024627809N00658862EA0227102503
B1218034627803N00658861EA0227002502
B1218044627796N00658860EA0227002501
B1218054627790N00658859EA0227102500
B1218064627785N00658858EA0227202501
B1218074627780N00658857EA0227202501
B1218084627775N00658857EA0227202501
B1218094627770N00658858EA0227202500
B1218104627765N00658858EA0227202500
B1218114627760N00658858EA0227302502
B1218124627755N00658858EA0227302503
B1218134627751N00658858EA0227402504
B1218144627746N00658858EA0227402503
B1218154627741N00658859EA0227402503
B1218164627737N00658859EA0227402504
B1218174627732N00658859EA0227302504
B1218184627728N00658860EA0227202502
B1218194627723N00658860EA0227102501
B1218204627719N00658860EA0226902499
B1218214627714N00658859EA0226802498
B1218224627709N00658858EA0226802497
B1218234627704N00658858EA0226802496
B1218244627699N00658857EA0226802496
B1218254627694N00658856EA0226802497
B1218264627690N00658855EA0226702496
B1218274627685N00658855EA0226602495
B1218284627680N00658855EA0226602494
B1218294627675N00658854EA0226502494
B1218304627671N00658854EA0226402494
B1218314627666N00658853EA0226402493
B1218324627661N00658852EA0226402493
B1218334627656N00658852EA0226302492
B1218344627651N00658851EA0226202492
B1218354627647N00658850EA0226202491
B1218364627642N00658849EA0226202490
B1218374627637N00658847EA0226202490
B1218384627632N00658846EA0226202490
B1218394627628N00658844EA0226102489
B1218404627623N00658843EA0226002488
B1218414627619N00658843EA0225902487
B1218424627614N00658842EA0225702485
B1218434627609N00658841EA0225702484
B1218444627604N00658840EA0225702484
B1218454627598N00658839EA0225702484
B1218464627593N00658837EA0225802484
B1218474627588N00658836EA0225902485
B1218484627583N00658835EA0225802485
B1218494627578N00658834EA0225702486
B1218504627573N00658834EA0225502485
B1218514627568N00658833EA0225402485
B1218524627563N00658834EA0225202484
B1218534627558N00658833EA0225102483
B1218544627553N00658833EA0225002481
B1218554627548N00658831EA0225002480
B1218564627542N00658829EA0224902480
B1218574627536N00658827EA0224902480
B1218584627531N00658826EA0224802479
B1218594627525N00658826EA0224702479
B1219004627519N00658825EA0224602478
B1219014627513N00658825EA0224502477
B1219024627507N00658826EA0224402476
B1219034627501N00658827EA0224402476
B1219044627495N00658828EA0224302474
B1219054627489N00658829EA0224302474
B1219074627478N00658829EA0224202473
B1219084627472N00658829EA0224102473
B1219094627467N00658829EA0224102473
B1219104627461N00658828EA0224002472
B1219114627456N00658828EA0223902471
B1219124627450N00658828EA0223802470
B1219134627444N00658828EA0223902470
B1219144627438N00658828EA0223902469
B1219154627432N00658828EA0223902470
B1219164627426N00658828EA0223902470
B1219174627420N00658828EA0223902470
B1219184627414N00658828EA0224002470
B1219194627409N00658827EA0223902470
B1219204627403N00658827EA0223802470
B1219214627398N00658826EA0223802469
B1219224627392N00658826EA0223702469
B1219234627386N00658825EA0223802468
B1219244627381N00658824EA0223802468
B1219254627375N00658822EA0223802468
B1219264627370N00658819EA0223802469
B1219274627364N00658816EA0223902469
B1219284627358N00658812EA0224002470
B1219294627352N00658809EA0224102471
B1219304627347N00658807EA0224302472
B1219314627342N00658805EA0224402472
B1219324627337N00658804EA0224402473
B1219334627331N00658803EA0224402473
B1219344627326N00658803EA0224302473
B1219354627320N00658803EA0224302472
B1219364627314N00658802EA0224302472
B1219374627309N00658801EA0224202471
B1219384627302N00658800EA0224102471
B1219394627296N00658799EA0224102471
B1219404627290N00658798EA0224202472
B1219414627284N00658796EA0224302472
B1219424627278N00658794EA0224302472
B1219434627273N00658791EA0224402472
B1219444627268N00658789EA0224402472
B1219454627262N00658787EA0224402472
B1219464627256N00658785EA0224502473
B1219474627250N00658784EA0224602473
B1219484627245N00658782EA0224502474
B1219494627240N00658781EA0224502473
B1219504627234N00658779EA0224402473
B1219514627229N00658777EA0224402472
B1219524627223N00658775EA0224402472
B1219534627217N00658772EA0224402473
B1219544627212N00658771EA0224402473
B1219554627206N00658769EA0224202470
B1219564627201N00658767EA0224002469
B1219574627194N00658765EA0223802468
B1219584627188N00658763EA0223802467
B1219594627181N00658761EA0223802466
B1220004627175N00658759EA0223802465
B1220014627170N00658758EA0223702465
B1220024627164N00658757EA0223602464
B1220034627159N00658755EA0223402463
B1220044627153N00658753EA0223302463
B1220054627146N00658751EA0223302462
B1220064627140N00658750EA0223202462
B1220074627134N00658748EA0223202462
B1220084627127N00658746EA0223202462
B1220094627121N00658745EA0223202461
B1220104627116N00658743EA0223102461
B1220114627110N00658741EA0223102461
B1220124627104N00658739EA0222902460
B1220134627098N00658737EA0222802458
B1220144627092N00658735EA0222702457
B1220154627086N00658733EA0222702456
B1220164627080N00658731EA0222702456
B1220174627075N00658728EA0222602455
B1220184627070N00658726EA0222502454
B1220194627065N00658723EA0222402454
B1220204627060N00658721EA0222402453
B1220214627054N00658719EA0222202452
B1220224627049N00658717EA0222202451
B1220234627044N00658714EA0222202451
B1220244627039N00658711EA0222002450
B1220254627034N00658708EA0221902449
B1220264627029N00658706EA0221602447
B1220274627024N00658704EA0221502446
B1220284627019N00658701EA0221402445
B1220294627014N00658699EA0221402444
B1220304627010N00658696EA0221202443
B1220314627006N00658695EA0221002441
B1220324627001N00658693EA0220802440
B1220334626996N00658691EA0220602438
B1220344626991N00658689EA0220602437
B1220354626986N00658686EA0220502436
B1220364626981N00658684EA0220402435
B1220374626976N00658682EA0220302434
B1220384626971N00658681EA0220202433
B1220394626966N00658679EA0220102432
B1220404626960N00658677EA0220002430
B1220414626955N00658676EA0219902429
B1220424626950N00658674EA0219902428
B1220434626944N00658672EA0219802427
B1220444626939N00658669EA0219702426
B1220454626934N00658666EA0219602426
B1220464626928N00658664EA0219502425
B1220474626923N00658662EA0219402423
B1220484626918N00658659EA0219202422
B1220494626912N00658657EA0219102421
B1220504626907N00658655EA0218902420
B1220514626902N00658653EA0218702418
B1220524626897N00658651EA0218602416
B1220534626891N00658650EA0218502414
B1220544626885N00658649EA0218402413
B1220554626879N00658648EA0218402412
B1220564626874N00658647EA0218302411
B1220574626868N00658646EA0218202410
B1220584626863N00658645EA0218102408
B1220594626857N00658645EA0218102407
B1221004626852N00658644EA0218002407
B1221014626846N00658643EA0218002406
B1221024626841N00658643EA0217902406
B1221034626836N00658642EA0217702404
B1221044626830N00658642EA0217602403
B1221054626825N00658642EA0217602401
B1221064626819N00658642EA0217602401
B1221074626813N00658641EA0217502400
B1221084626808N00658641EA0217402400
B1221094626803N00658641EA0217302399
B1221104626797N00658640EA0217202397
B1221114626792N00658640EA0217202397
B1221124626786N00658639EA0217102396
B1221134626781N00658639EA0217002395
B1221144626775N00658638EA0216902394
B1221154626770N00658638EA0216802393
B1221164626764N00658637EA0216702392
B1221174626758N00658635EA0216702391
B1221194626747N00658632EA0216702391
B1221204626741N00658631EA0216702391
B1221214626736N00658630EA0216602390
B1221224626730N00658628EA0216602390
B1221234626724N00658627EA0216602390
B1221244626719N00658625EA0216502389
B1221254626713N00658624EA0216402389
B1221264626708N00658623EA0216302388
B1221274626702N00658622EA0216202387
B1221284626696N00658621EA0216202387
B1221294626690N00658620EA0216202386
B1221304626685N00658619EA0216202386
B1221314626679N00658618EA0216202386
B1221324626674N00658617EA0216102385
B1221334626669N00658617EA0216102385
B1221344626663N00658616EA0216002385
B1221354626657N00658616EA0216002385
B1221364626652N00658615EA0216102385
B1221374626646N00658615EA0216102385
B1221384626641N00658615EA0216102385
B1221394626636N00658615EA0216102385
B1221404626630N00658615EA0216102385
B1221414626625N00658615EA0216202385
B1221424626619N00658614EA0216502386
B1221434626612N00658614EA0216702387
B1221444626607N00658613EA0216902388
B1221454626603N00658613EA0217002388
B1221464626598N00658613EA0216902389
B1221474626594N00658613EA0216802389
B1221484626589N00658612EA0216802389
B1221494626584N00658611EA0216702389
B1221504626578N00658610EA0216902389
B1221514626571N00658608EA0217002391
B1221524626565N00658607EA0217002392
B1221534626560N00658607EA0217002392
B1221544626554N00658606EA0217002392
B1221554626549N00658606EA0216902392
B1221564626544N00658605EA0216702391
B1221574626538N00658604EA0216702390
B1221584626532N00658604EA0216702390
B1221594626526N00658604EA0216602389
B1222004626521N00658604EA0216602389
B1222014626516N00658604EA0216502388
B1222024626511N00658605EA0216302387
B1222034626506N00658606EA0216202385
B1222044626500N00658606EA0216002383
B1222054626495N00658606EA0215902382
B1222064626490N00658607EA0215702381
B1222074626484N00658607EA0215502379
B1222084626479N00658607EA0215402378
B1222094626473N00658608EA0215402377
B1222104626467N00658608EA0215302376
B1222114626462N00658608EA0215302375
B1222124626457N00658608EA0215202374
B1222134626451N00658608EA0215102373
B1222144626446N00658608EA0215002371
B1222154626441N00658608EA0214902371
B1222164626436N00658606EA0214802370
B1222174626430N00658605EA0214702369
B1222184626424N00658604EA0214702368
B1222194626418N00658604EA0214602367
B1222204626412N00658603EA0214602366
B1222214626406N00658603EA0214502365
B1222224626400N00658602EA0214502364
B1222234626394N00658602EA0214402364
B1222244626388N00658601EA0214402363
B1222254626381N00658601EA0214302362
LXSB bat: 92% (3606)
LXSB temp: 19 45%
B1222264626375N00658600EA0214302361
B1222274626369N00658600EA0214202362
B1222284626363N00658599EA0214102361
B1222294626357N00658598EA0214102360
B1222304626352N00658597EA0213902359
B1222314626346N00658596EA0213702358
B1222324626340N00658596EA0213602357
B1222334626335N00658595EA0213402356
B1222344626329N00658594EA0213302355
B1222354626323N00658593EA0213102354
B1222364626317N00658592EA0213002352
B1222374626312N00658592EA0212802351
B1222384626306N00658591EA0212602349
B1222394626300N00658591EA0212502348
B1222404626295N00658591EA0212402346
B1222414626290N00658590EA0212202345
B1222424626284N00658589EA0212102343
B1222434626279N00658589EA0212002342
B1222444626274N00658588EA0212002340
B1222454626268N00658587EA0211902339
B1222464626263N00658584EA0211902338
B1222474626258N00658581EA0211902338
B1222484626254N00658577EA0211902337
B1222494626249N00658574EA0211802336
B1222504626245N00658571EA0211702336
B1222514626241N00658568EA0211702335
B1222524626237N00658565EA0211602335
B1222534626233N00658563EA0211602334
B1222544626229N00658562EA0211602334
B1222554626224N00658561EA0211602334
B1222564626219N00658559EA0211702334
B1222574626214N00658557EA0211802334
B1222584626209N00658555EA0211902335
B1222594626203N00658552EA0212102337
B1223004626198N00658550EA0212302338
B1223014626192N00658548EA0212502340
B1223024626187N00658546EA0212602340
B1223034626182N00658543EA0212802342
B1223044626178N00658540EA0213002343
B1223054626173N00658537EA0213102344
B1223064626169N00658534EA0213102345
B1223074626164N00658531EA0213102346
B1223084626160N00658528EA0213102346
B1223094626156N00658524EA0213102346
B1223104626151N00658521EA0213102346
B1223114626146N00658517EA0213202347
B1223124626142N00658515EA0213302347
B1223134626136N00658513EA0213302347
B1223144626131N00658511EA0213302347
B1223154626126N00658510EA0213202347
B1223164626121N00658509EA0213102347
B1223174626116N00658508EA0212902346
B1223184626111N00658506EA0212802344
B1223194626105N00658505EA0212802343
B1223204626100N00658503EA0212702342
B1223214626094N00658502EA0212602342
B1223224626089N00658500EA0212502341
B1223234626084N00658498EA0212402340
B1223244626079N00658495EA0212202339
B1223254626073N00658493EA0212202339
B1223264626068N00658491EA0212102338
B1223274626062N00658490EA0212002337
B1223284626056N00658488EA0211902336
B1223294626051N00658486EA0211702335
B1223304626046N00658485EA0211602334
B1223314626040N00658483EA0211502333
B1223324626034N00658482EA0211502332
B1223334626028N00658481EA0211402332
B1223344626023N00658481EA0211402331
B1223354626018N00658482EA0211202330
B1223364626012N00658483EA0210902329
B1223374626007N00658484EA0210802328
B1223384626002N00658484EA0210802327
B1223394625996N00658484EA0210802326
B1223404625990N00658483EA0210902325
B1223414625985N00658483EA0210802325
B1223424625981N00658483EA0210602325
B1223434625977N00658482EA0210502323
B1223444625972N00658480EA0210502322
B1223454625968N00658478EA0210502322
B1223464625963N00658476EA0210502322
B1223474625959N00658473EA0210402321
B1223484625955N00658471EA0210302320
B1223494625951N00658470EA0210102319
B1223504625946N00658468EA0210002318
B1223514625941N00658467EA0210002317
B1223524625936N00658465EA0210002316
B1223534625930N00658465EA0209902315
B1223544625924N00658465EA0209902314
B1223554625918N00658467EA0209902313
B1223574625906N00658472EA0209902314
B1223584625900N00658474EA0209902313
B1223594625894N00658477EA0209802314
B1224004625889N00658481EA0209702313
B1224014625883N00658486EA0209702312
B1224024625878N00658493EA0209602311
B1224034625875N00658500EA0209602310
B1224044625872N00658508EA0209702309
B1224054625870N00658515EA0209602308
B1224064625869N00658523EA0209602306
B1224074625870N00658531EA0209602306
B1224084625872N00658539EA0209602307
B1224094625875N00658548EA0209602307
B1224104625878N00658555EA0209702308
B1224114625880N00658563EA0209702308
B1224124625882N00658571EA0209602309
B1224134625884N00658579EA0209602310
B1224144625886N00658586EA0209402310
B1224154625889N00658593EA0209402310
B1224164625893N00658600EA0209302310
B1224174625897N00658606EA0209402310
B1224184625901N00658611EA0209402311
B1224194625905N00658616EA0209402311
B1224204625910N00658621EA0209502311
B1224214625913N00658625EA0209502312
B1224224625917N00658629EA0209502312
B1224234625921N00658632EA0209402312
B1224244625925N00658634EA0209402312
B1224254625929N00658637EA0209302311
B1224264625933N00658639EA0209202311
B1224274625938N00658641EA0209102310
B1224284625942N00658643EA0209102310
B1224294625946N00658645EA0209202310
B1224304625950N00658646EA0209102310
B1224314625954N00658647EA0209102311
B1224324625958N00658647EA0209002311
B1224334625962N00658648EA0208902311
B1224344625967N00658649EA0208802310
B1224354625971N00658651EA0208802310
B1224364625976N00658652EA0208802309
B1224374625981N00658653EA0208802310
B1224384625986N00658655EA0208902309
B1224394625991N00658656EA0209002309
B1224404625995N00658657EA0209002310
B1224414626000N00658659EA0209002310
B1224424626004N00658660EA0209002310
B1224434626009N00658661EA0209002311
B1224444626013N00658663EA0208802311
B1224454626018N00658664EA0208802310
B1224464626023N00658665EA0208802310
B1224474626028N00658667EA0208902310
B1224484626032N00658669EA0208902310
B1224494626036N00658671EA0208902310
B1224504626040N00658673EA0208902310
B1224514626045N00658675EA0208902310
B1224524626049N00658677EA0208902310
B1224534626053N00658680EA0208902310
B1224544626058N00658682EA0208802310
B1224554626062N00658684EA0208802309
B1224564626067N00658686EA0208802309
B1224574626072N00658688EA0209002309
B1224584626076N00658690EA0209102309
B1224594626081N00658692EA0209302309
B1225004626085N00658694EA0209402310
B1225014626088N00658696EA0209702310
B1225024626091N00658699EA0209802311
B1225034626095N00658702EA0210002311
B1225044626098N00658705EA0210202313
B1225054626102N00658707EA0210402314
B1225064626105N00658710EA0210602315
B1225074626109N00658712EA0210802316
B1225084626112N00658715EA0211102318
B1225094626116N00658717EA0211302320
B1225104626119N00658720EA0211402321
B1225114626122N00658723EA0211502323
B1225124626125N00658726EA0211602323
B1225134626129N00658730EA0211802324
B1225144626133N00658735EA0212002326
B1225154626137N00658739EA0212302328
B1225164626141N00658743EA0212702331
B1225174626145N00658746EA0213002334
B1225184626148N00658749EA0213202336
B1225194626152N00658752EA0213602340
B1225204626155N00658754EA0214002343
B1225214626159N00658756EA0214302346
B1225224626162N00658756EA0214502349
B1225234626166N00658755EA0214802352
B1225244626169N00658753EA0215002355
B1225254626172N00658750EA0215202359
B1225264626174N00658747EA0215502361
B1225274626176N00658742EA0215702363
B1225284626177N00658737EA0215902365
B1225294626176N00658731EA0216202368
B1225304626175N00658725EA0216402371
B1225314626172N00658721EA0216602374
B1225324626169N00658716EA0216902377
B1225334626164N00658713EA0217102380
B1225344626159N00658712EA0217302383
B1225354626153N00658713EA0217602385
B1225364626147N00658716EA0217802388
B1225374626142N00658722EA0218002385
B1225384626139N00658729EA0218202388
B1225394626137N00658737EA0218602390
B1225404626137N00658746EA0218902393
B1225414626138N00658754EA0219302398
B1225424626140N00658761EA0219502401
B1225434626142N00658765EA0219802399
B1225444626146N00658769EA0219902402
B1225454626149N00658771EA0219902404
B1225464626152N00658772EA0220002405
B1225474626157N00658772EA0220202407
B1225484626162N00658771EA0220402409
B1225494626166N00658768EA0220702411
B1225504626169N00658764EA0220902413
B1225514626171N00658759EA0221002415
B1225524626171N00658753EA0221202417
B1225534626171N00658747EA0221302419
B1225544626169N00658741EA0221502420
B1225554626167N00658735EA0221702422
B1225564626163N00658729EA0221802424
B1225574626159N00658725EA0221902425
B1225584626154N00658723EA0222002427
B1225594626149N00658722EA0222102428
B1226004626144N00658725EA0222302430
B1226014626140N00658731EA0222502432
B1226024626136N00658742EA0222802434
B1226034626136N00658751EA0223102437
B1226044626136N00658760EA0223402441
B1226054626136N00658767EA0223602439
B1226064626139N00658773EA0223702441
B1226074626141N00658780EA0223902442
B1226084626144N00658787EA0224102444
B1226094626147N00658794EA0224402446
B1226104626150N00658801EA0224602448
B1226114626154N00658805EA0224902450
B1226124626158N00658807EA0225102453
B1226134626163N00658806EA0225402455
B1226144626166N00658804EA0225602458
B1226154626169N00658800EA0225702460
B1226164626171N00658795EA0225702462
B1226174626171N00658790EA0225702463
B1226184626169N00658784EA0225702463
B1226204626159N00658777EA0225902464
B1226214626154N00658776EA0226102465
B1226224626148N00658777EA0226302466
B1226234626142N00658780EA0226502467
B1226244626138N00658788EA0226702468
B1226254626136N00658795EA0227002470
B1226264626135N00658804EA0227202471
B1226274626135N00658814EA0227402473
B1226284626135N00658822EA0227702475
B1226294626136N00658830EA0227902477
B1226304626136N00658839EA0228102479
B1226314626138N00658847EA0228302483
B1226324626141N00658854EA0228502485
B1226334626144N00658860EA0228702488
B1226344626148N00658865EA0228902490
B1226354626152N00658868EA0229202495
B1226364626156N00658870EA0229402495
B1226374626160N00658872EA0229602496
B1226384626165N00658874EA0229802499
B1226394626169N00658875EA0230002501
B1226404626174N00658875EA0230102503
B1226414626179N00658874EA0230302505
B1226424626184N00658871EA0230502508
B1226434626187N00658867EA0230702511
B1226444626190N00658863EA0231002513
B1226454626192N00658857EA0231102516
B1226464626193N00658851EA0231102518
B1226474626192N00658845EA0231002520
B1226484626190N00658840EA0231002521
B1226494626187N00658834EA0231102523
B1226504626182N00658830EA0231102524
B1226514626176N00658828EA0231202526
B1226524626171N00658828EA0231202527
B1226534626165N00658829EA0231302529
B1226544626159N00658831EA0231402530
B1226554626153N00658834EA0231602532
B1226564626147N00658839EA0231902534
B1226574626142N00658844EA0232102535
B1226584626138N00658850EA0232302538
B1226594626135N00658856EA0232502540
B1227004626133N00658864EA0232702542
B1227014626132N00658872EA0232902545
B1227024626131N00658881EA0233102548
B1227034626132N00658889EA0233302551
B1227044626134N00658897EA0233502553
B1227054626137N00658904EA0233702556
B1227064626140N00658909EA0234002558
B1227074626143N00658913EA0234102555
B1227084626147N00658918EA0234302557
B1227094626151N00658921EA0234402559
B1227104626156N00658922EA0234602561
B1227114626160N00658923EA0234802562
B1227124626165N00658922EA0235002564
B1227134626168N00658920EA0235102566
B1227144626171N00658916EA0235102568
B1227154626173N00658911EA0235202570
B1227164626174N00658906EA0235202571
B1227174626175N00658899EA0235302572
B1227184626174N00658892EA0235402573
B1227194626172N00658885EA0235602575
B1227204626170N00658878EA0235702577
B1227214626167N00658872EA0235702578
B1227224626163N00658866EA0235602580
B1227234626158N00658862EA0235502581
B1227244626151N00658860EA0235502583
B1227254626145N00658858EA0235502584
B1227264626139N00658859EA0235602585
B1227274626133N00658861EA0235602586
B1227284626128N00658864EA0235702587
B1227294626123N00658871EA0235902588
B1227304626118N00658878EA0236102591
B1227314626115N00658885EA0236502593
LXSB bat: 88% (3588)
LXSB temp: 24 42%
B1227324626113N00658893EA0236702594
B1227334626111N00658900EA0236902596
B1227344626109N00658908EA0237002598
B1227354626108N00658916EA0237102599
B1227364626107N00658924EA0237202601
B1227374626107N00658932EA0237302603
B1227384626108N00658940EA0237502605
B1227394626111N00658947EA0237602607
B1227404626114N00658952EA0237602609
B1227414626118N00658957EA0237702610
B1227424626123N00658960EA0237802611
B1227434626128N00658961EA0237902612
B1227444626132N00658960EA0238102613
B1227454626135N00658958EA0238202615
B1227464626138N00658954EA0238302616
B1227474626140N00658950EA0238502617
B1227484626141N00658945EA0238602618
B1227494626141N00658939EA0238702619
B1227504626139N00658933EA0238802621
B1227514626137N00658928EA0238902621
B1227524626133N00658924EA0239002623
B1227534626127N00658923EA0239202624
B1227544626122N00658923EA0239302626
B1227554626117N00658925EA0239402627
B1227564626112N00658930EA0239502629
B1227574626109N00658936EA0239602630
B1227584626107N00658943EA0239802631
B1227594626106N00658951EA0239902632
B1228004626106N00658958EA0239902633
B1228014626107N00658966EA0240002635
B1228024626109N00658972EA0240002635
B1228034626112N00658978EA0240102636
B1228044626116N00658983EA0240202637
B1228054626120N00658986EA0240302638
B1228064626124N00658987EA0240402639
B1228074626128N00658986EA0240602641
B1228084626132N00658985EA0240702642
B1228104626140N00658980EA0240802644
B1228114626142N00658977EA0240902645
B1228124626145N00658973EA0241002646
B1228134626147N00658967EA0241102647
B1228144626147N00658961EA0241302649
B1228154626147N00658955EA0241502651
B1228164626145N00658949EA0241602652
B1228174626143N00658943EA0241702654
B1228184626140N00658938EA0241802655
B1228194626135N00658933EA0241902657
B1228204626130N00658931EA0241902658
B1228214626125N00658930EA0242002660
B1228224626119N00658931EA0242002661
B1228234626113N00658933EA0242002662
B1228244626108N00658937EA0242002663
B1228254626102N00658943EA0242002664
B1228264626098N00658950EA0242002665
B1228274626094N00658958EA0242102666
B1228284626092N00658966EA0242202666
B1228294626090N00658974EA0242202667
B1228304626090N00658983EA0242202668
B1228314626091N00658992EA0242302669
B1228324626092N00659000EA0242602670
B1228334626094N00659009EA0242802671
B1228344626096N00659016EA0243002673
B1228354626098N00659023EA0243102674
B1228364626101N00659029EA0243302676
B1228374626104N00659034EA0243402677
B1228384626108N00659039EA0243502679
B1228394626111N00659045EA0243702681
B1228404626114N00659049EA0243902678
B1228414626117N00659054EA0244102679
B1228424626121N00659059EA0244202680
B1228434626124N00659063EA0244202682
B1228444626129N00659065EA0244302683
B1228454626133N00659065EA0244402683
B1228464626138N00659063EA0244502684
B1228474626141N00659059EA0244802685
B1228484626144N00659055EA0245002686
B1228494626145N00659049EA0245302688
B1228504626146N00659044EA0245502690
B1228514626146N00659039EA0245602692
B1228524626145N00659033EA0245602693
B1228534626143N00659028EA0245502694
B1228544626138N00659023EA0245602694
B1228554626132N00659020EA0245802695
B1228564626126N00659019EA0245902696
B1228574626120N00659021EA0246002697
B1228584626115N00659024EA0246002698
B1228594626111N00659030EA0246002699
B1229004626107N00659036EA0245902699
B1229014626104N00659044EA0245802698
B1229024626102N00659054EA0245902697
B1229034626100N00659065EA0246002697
B1229044626100N00659076EA0246302698
B1229054626101N00659086EA0246502698
B1229064626102N00659094EA0246602699
B1229074626104N00659101EA0246702701
B1229084626106N00659106EA0246602702
B1229094626110N00659111EA0246502703
B1229104626114N00659115EA0246302704
B1229114626120N00659117EA0246302705
B1229124626125N00659119EA0246402705
B1229134626130N00659120EA0246402706
B1229144626135N00659121EA0246502707
B1229154626140N00659121EA0246702708
B1229164626145N00659121EA0246802709
B1229174626150N00659121EA0246902710
B1229184626155N00659121EA0247002711
B1229194626159N00659122EA0247102713
B1229204626164N00659123EA0247302714
B1229214626169N00659125EA0247502715
B1229224626173N00659125EA0247602717
B1229234626178N00659126EA0247702718
B1229244626182N00659125EA0247702718
B1229254626187N00659125EA0247702719
B1229264626192N00659125EA0247702720
B1229274626198N00659125EA0247802720
B1229284626203N00659126EA0247902721
B1229294626209N00659126EA0247902722
B1229304626214N00659127EA0247902723
B1229314626219N00659128EA0247902723
B1229324626224N00659128EA0247702723
B1229334626229N00659129EA0247602722
B1229344626234N00659130EA0247502720
B1229354626240N00659130EA0247402720
B1229364626245N00659131EA0247302718
B1229374626251N00659132EA0247102717
B1229384626256N00659133EA0247002717
B1229394626261N00659135EA0246802716
B1229404626266N00659136EA0246602713
B1229414626271N00659137EA0246502711
B1229424626277N00659138EA0246302710
B1229434626283N00659139EA0246202709
B1229444626288N00659140EA0246202707
B1229454626293N00659141EA0246002706
B1229464626298N00659143EA0245902704
B1229474626303N00659145EA0245702703
B1229484626308N00659145EA0245502701
B1229494626314N00659146EA0245502699
B1229504626320N00659146EA0245402698
B1229514626325N00659147EA0245302697
B1229524626330N00659148EA0245302696
B1229534626335N00659149EA0245102695
B1229544626340N00659149EA0244902694
B1229554626345N00659150EA0244802692
B1229564626351N00659149EA0244802691
B1229574626356N00659149EA0244702689
B1229584626361N00659150EA0244602689
B1229594626366N00659150EA0244502688
B1230004626371N00659150EA0244402686
B1230014626376N00659150EA0244302685
B1230024626382N00659151EA0244202683
B1230034626387N00659151EA0244102682
B1230044626392N00659151EA0244102681
B1230054626397N00659151EA0244002680
B1230064626403N00659151EA0243802678
B1230074626408N00659151EA0243702677
B1230084626413N00659151EA0243702676
B1230094626418N00659151EA0243602675
B1230104626424N00659151EA0243702674
B1230114626429N00659152EA0243702674
B1230124626435N00659152EA0243602674
B1230134626439N00659153EA0243502673
B1230144626444N00659154EA0243302672
B1230154626449N00659154EA0243202671
B1230164626455N00659155EA0243202670
B1230174626461N00659156EA0243202670
B1230184626466N00659157EA0243202669
B1230194626472N00659158EA0243202669
B1230204626477N00659159EA0243102669
B1230214626482N00659159EA0243102668
B1230224626487N00659160EA0243102668
B1230234626493N00659160EA0242902667
B1230244626498N00659159EA0242902667
B1230254626504N00659159EA0242902666
B1230264626510N00659158EA0242902666
B1230274626516N00659159EA0242902666
B1230284626521N00659159EA0242902666
B1230294626526N00659159EA0242802666
B1230304626531N00659159EA0242802666
B1230314626536N00659158EA0242802666
B1230324626542N00659158EA0242802666
B1230334626548N00659157EA0242902665
B1230354626559N00659157EA0242902665
B1230364626564N00659157EA0242902665
B1230374626569N00659156EA0242902665
B1230384626575N00659156EA0242902665
B1230394626580N00659156EA0242902665
B1230404626586N00659156EA0242902665
B1230414626591N00659157EA0242902665
B1230424626597N00659158EA0242902665
B1230434626602N00659158EA0242802664
B1230444626606N00659159EA0242702662
B1230454626611N00659160EA0242502660
B1230464626617N00659160EA0242402659
B1230474626622N00659161EA0242302658
B1230484626628N00659161EA0242302657
B1230494626633N00659161EA0242202656
B1230504626638N00659162EA0242102655
B1230514626643N00659163EA0241802654
B1230524626648N00659163EA0241602651
B1230534626654N00659164EA0241302649
B1230544626660N00659164EA0241102648
B1230554626666N00659164EA0241002646
B1230564626672N00659164EA0240802644
B1230574626678N00659165EA0240602643
B1230584626683N00659166EA0240502641
B1230594626689N00659167EA0240302639
B1231004626694N00659167EA0240102637
B1231014626700N00659168EA0239902635
B1231024626706N00659168EA0239702634
B1231034626712N00659169EA0239602633
B1231044626717N00659170EA0239502631
B1231054626723N00659171EA0239302630
B1231064626728N00659171EA0239202628
B1231074626734N00659172EA0239002627
B1231084626740N00659173EA0238902625
B1231094626745N00659174EA0238702624
B1231104626750N00659175EA0238602622
B1231114626756N00659175EA0238402620
B1231124626761N00659175EA0238202618
B1231134626766N00659175EA0238002616
B1231144626772N00659175EA0237802614
B1231154626777N00659175EA0237602612
B1231164626782N00659176EA0237502611
B1231174626787N00659176EA0237302609
B1231184626792N00659177EA0237102607
B1231194626797N00659176EA0236802605
B1231204626802N00659176EA0236602603
B1231214626807N00659176EA0236402600
B1231224626813N00659176EA0236202599
B1231234626818N00659176EA0236002597
B1231244626823N00659176EA0235802595
B1231254626828N00659176EA0235602593
B1231264626834N00659175EA0235402591
B1231274626839N00659174EA0235302590
B1231284626845N00659173EA0235202589
B1231294626850N00659172EA0235102588
B1231304626856N00659172EA0235002587
B1231314626860N00659171EA0234802586
B1231324626865N00659170EA0234502583
B1231334626870N00659169EA0234202580
B1231344626876N00659168EA0233802577
B1231354626881N00659167EA0233602574
B1231364626887N00659165EA0233402571
B1231374626893N00659164EA0233202569
B1231384626898N00659163EA0233002566
B1231394626903N00659162EA0232702564
B1231404626909N00659162EA0232602562
B1231414626914N00659161EA0232402560
B1231424626920N00659161EA0232202558
B1231434626925N00659161EA0232302556
B1231444626930N00659162EA0232302555
B1231454626935N00659162EA0232302554
B1231464626938N00659162EA0232202552
B1231474626942N00659162EA0232102551
B1231484626946N00659162EA0231902550
B1231494626950N00659162EA0231702548
B1231504626955N00659162EA0231502547
B1231514626961N00659163EA0231502546
B1231524626966N00659163EA0231602545
B1231534626970N00659162EA0231502545
B1231544626975N00659162EA0231402544
B1231554626979N00659161EA0231202543
B1231564626984N00659161EA0231102541
B1231574626989N00659160EA0231002540
B1231584626994N00659160EA0231002539
B1231594626999N00659159EA0231002539
B1232004627004N00659159EA0230802538
B1232014627008N00659160EA0230702537
B1232024627013N00659161EA0230702536
B1232034627018N00659162EA0230702535
B1232044627023N00659163EA0230702535
B1232054627028N00659164EA0230602534
B1232064627033N00659164EA0230602534
B1232074627038N00659164EA0230602534
B1232084627043N00659164EA0230602534
B1232094627048N00659164EA0230802534
B1232104627053N00659164EA0230902535
B1232114627058N00659164EA0231002535
B1232124627063N00659164EA0231002537
B1232134627068N00659164EA0231102538
B1232144627073N00659163EA0231102538
B1232154627078N00659163EA0231102538
B1232164627083N00659163EA0231002539
B1232174627089N00659164EA0231002539
B1232184627094N00659165EA0231002539
B1232194627100N00659166EA0231002539
B1232204627106N00659166EA0231002539
B1232214627111N00659166EA0231102539
B1232224627117N00659167EA0231202540
B1232234627122N00659167EA0231102540
B1232244627127N00659167EA0231102539
B1232254627133N00659168EA0231102539
B1232264627139N00659168EA0231102539
B1232274627145N00659168EA0231202539
B1232284627151N00659169EA0231302540
B1232294627156N00659170EA0231302541
B1232304627163N00659171EA0231402542
B1232314627169N00659172EA0231502542
B1232324627175N00659173EA0231602543
B1232334627181N00659174EA0231702544
B1232344627187N00659175EA0231702546
B1232354627193N00659176EA0231802547
B1232364627199N00659176EA0231802548
B1232374627205N00659177EA0231802548
B1232384627211N00659177EA0231902548
B1232394627218N00659178EA0232202550
LXSB bat: 87% (3583)
LXSB temp: 22 44%
B1232404627225N00659179EA0232402552
B1232414627231N00659179EA0232502554
B1232424627237N00659179EA0232602556
B1232434627242N00659179EA0232602557
B1232444627248N00659178EA0232702557
B1232454627255N00659177EA0232802558
B1232464627261N00659177EA0232802559
B1232474627266N00659175EA0232902561
B1232484627272N00659173EA0233002562
B1232494627278N00659170EA0233002563
B1232504627283N00659168EA0233102564
B1232514627288N00659166EA0233102565
B1232524627293N00659163EA0233102566
B1232534627298N00659161EA0233102566
B1232544627303N00659157EA0233202566
B1232554627308N00659154EA0233302567
B1232564627314N00659151EA0233502567
B1232574627319N00659150EA0233602568
B1232584627324N00659149EA0233802569
B1232594627328N00659149EA0234002570
B1233004627333N00659148EA0234202572
B1233014627338N00659147EA0234502573
B1233024627342N00659147EA0234802575
B1233034627347N00659146EA0235002578
B1233044627351N00659145EA0235102580
B1233054627355N00659143EA0235302581
B1233064627359N00659140EA0235602583
B1233074627364N00659138EA0235802585
B1233084627368N00659136EA0236002587
B1233094627372N00659135EA0236202589
B1233104627376N00659133EA0236502591
B1233114627380N00659131EA0236802589
B1233124627384N00659130EA0237002591
B1233134627389N00659131EA0237402593
B1233154627398N00659132EA0237702595
B1233164627402N00659131EA0238002598
B1233174627406N00659131EA0238302602
B1233184627409N00659130EA0238502604
B1233194627413N00659130EA0238802607
B1233204627417N00659131EA0239002610
B1233214627420N00659134EA0239302615
B1233224627423N00659138EA0239602612
B1233234627426N00659144EA0239902614
B1233244627427N00659150EA0240302617
B1233254627428N00659154EA0240502615
B1233264627430N00659159EA0240602617
B1233274627432N00659164EA0240702618
B1233284627434N00659171EA0240802620
B1233294627436N00659179EA0240902622
B1233304627436N00659187EA0241102624
B1233314627434N00659195EA0241302626
B1233324627431N00659202EA0241602628
B1233334627427N00659207EA0241902631
B1233344627421N00659210EA0242302633
B1233354627416N00659212EA0242702635
B1233364627412N00659212EA0243002638
B1233374627408N00659210EA0243202641
B1233384627406N00659206EA0243502643
B1233394627405N00659201EA0243802646
B1233404627406N00659196EA0244102649
B1233414627409N00659190EA0244502652
B1233424627411N00659188EA0244802651
B1233434627415N00659187EA0245102653
B1233444627419N00659189EA0245402656
B1233454627422N00659192EA0245602658
B1233464627425N00659197EA0245802661
B1233474627427N00659202EA0245902663
B1233484627430N00659209EA0246002666
B1233494627431N00659216EA0246202668
B1233504627431N00659224EA0246402670
B1233514627429N00659231EA0246602673
B1233524627426N00659237EA0246902675
B1233534627422N00659242EA0247202678
B1233544627417N00659246EA0247602677
B1233554627413N00659248EA0247802679
B1233564627409N00659248EA0248102682
B1233574627405N00659245EA0248502685
B1233584627402N00659240EA0248802688
B1233594627401N00659234EA0249102692
B1234004627401N00659229EA0249502695
B1234014627403N00659225EA0249702698
B1234024627405N00659222EA0250002697
B1234034627410N00659220EA0250402700
B1234044627414N00659220EA0250502702
B1234054627418N00659223EA0250702703
B1234064627422N00659227EA0250802705
B1234074627425N00659233EA0251002708
B1234084627427N00659240EA0251102710
B1234094627429N00659247EA0251202713
B1234104627429N00659254EA0251302715
B1234114627429N00659262EA0251302718
B1234124627427N00659269EA0251402720
B1234134627424N00659276EA0251502722
B1234144627420N00659282EA0251802725
B1234154627415N00659287EA0252202727
B1234164627409N00659291EA0252602730
B1234174627404N00659293EA0253102732
B1234184627399N00659294EA0253402734
B1234194627394N00659293EA0253602737
B1234204627391N00659290EA0253802736
B1234214627389N00659286EA0253902739
B1234224627388N00659281EA0254302742
B1234234627387N00659276EA0254602746
B1234244627388N00659270EA0254902749
B1234254627391N00659266EA0255202752
B1234264627394N00659264EA0255702751
B1234274627398N00659264EA0256102754
B1234284627402N00659266EA0256502757
B1234294627405N00659269EA0256802761
B1234304627407N00659271EA0257002760
B1234314627411N00659274EA0257202765
B1234324627414N00659278EA0257302767
B1234334627417N00659284EA0257602769
B1234344627419N00659291EA0257802772
B1234354627420N00659299EA0258002775
B1234364627419N00659306EA0258202778
B1234374627417N00659314EA0258402781
B1234384627414N00659322EA0258702784
B1234394627409N00659328EA0259102787
B1234404627404N00659333EA0259402790
B1234414627399N00659335EA0259802794
B1234424627394N00659333EA0260102797
B1234434627390N00659329EA0260302797
B1234444627387N00659324EA0260502800
B1234454627385N00659318EA0260702803
B1234464627383N00659312EA0261002806
B1234474627383N00659306EA0261302809
B1234484627384N00659299EA0261602813
B1234494627387N00659294EA0261902816
B1234504627390N00659291EA0262302820
B1234514627393N00659291EA0262502819
B1234524627397N00659293EA0262702822
B1234534627401N00659295EA0263002824
B1234544627405N00659299EA0263402827
B1234554627409N00659304EA0263702831
B1234564627411N00659310EA0264002831
B1234574627413N00659318EA0264302836
B1234584627414N00659326EA0264602840
B1234594627413N00659334EA0264902844
B1235004627408N00659341EA0265202849
B1235014627402N00659343EA0265502853
B1235034627393N00659339EA0265902852
B1235044627391N00659334EA0266102855
B1235054627389N00659329EA0266402860
B1235064627390N00659324EA0266802864
B1235074627391N00659319EA0267002868
B1235084627395N00659316EA0267102871
B1235094627400N00659316EA0267402875
B1235104627405N00659317EA0267602883
B1235114627409N00659320EA0267902883
B1235124627414N00659323EA0268202887
B1235134627418N00659326EA0268502889
B1235144627422N00659329EA0268802892
B1235154627426N00659331EA0269002891
B1235164627431N00659334EA0269202894
B1235174627435N00659338EA0269402897
B1235184627440N00659341EA0269502899
B1235194627445N00659344EA0269502902
B1235204627450N00659347EA0269502904
B1235214627455N00659350EA0269602906
B1235224627461N00659354EA0269602908
B1235234627466N00659357EA0269602910
B1235244627471N00659360EA0269702913
B1235254627476N00659364EA0269602914
B1235264627481N00659367EA0269602915
B1235274627486N00659371EA0269602917
B1235284627492N00659373EA0269602918
B1235294627497N00659375EA0269602920
B1235304627501N00659377EA0269602921
B1235314627506N00659379EA0269402921
B1235324627512N00659380EA0269302921
B1235334627518N00659382EA0269202921
B1235344627525N00659384EA0269102922
B1235354627531N00659386EA0269002922
B1235364627536N00659387EA0268902923
B1235374627542N00659388EA0268902923
B1235384627548N00659389EA0268902924
B1235394627554N00659390EA0268902924
B1235404627559N00659392EA0268802925
B1235414627564N00659394EA0268802925
B1235424627569N00659396EA0268602925
B1235434627575N00659397EA0268402924
B1235444627581N00659398EA0268302923
B1235454627587N00659399EA0268202923
B1235464627594N00659400EA0268202923
B1235474627600N00659401EA0268102923
B1235484627605N00659402EA0268002924
B1235494627611N00659403EA0267902923
B1235504627616N00659403EA0267802923
B1235514627622N00659404EA0267602922
B1235524627628N00659405EA0267502922
B1235534627634N00659405EA0267402922
B1235544627640N00659406EA0267202921
B1235554627647N00659407EA0267102920
B1235564627653N00659407EA0267002920
B1235574627659N00659407EA0266802919
B1235584627665N00659407EA0266702918
B1235594627670N00659407EA0266502917
B1236004627676N00659407EA0266302916
B1236014627681N00659406EA0266002914
B1236024627687N00659406EA0265702912
B1236034627692N00659407EA0265402910
B1236044627698N00659408EA0265302908
B1236054627704N00659410EA0265102907
B1236064627709N00659412EA0265002905
B1236074627714N00659413EA0264802904
B1236084627719N00659415EA0264602903
B1236094627724N00659417EA0264402901
B1236104627729N00659418EA0264202900
B1236114627735N00659419EA0263902897
B1236124627740N00659421EA0263702895
B1236134627746N00659422EA0263502893
B1236144627752N00659423EA0263302891
B1236154627757N00659425EA0263202889
B1236164627763N00659427EA0262902888
B1236174627768N00659428EA0262702886
B1236184627774N00659430EA0262502883
B1236194627779N00659432EA0262302881
B1236204627785N00659434EA0262102879
B1236214627791N00659435EA0261902877
B1236224627797N00659437EA0261702874
B1236234627803N00659438EA0261402871
B1236244627809N00659439EA0261102869
B1236254627815N00659440EA0260902866
B1236264627822N00659441EA0260802863
B1236274627828N00659441EA0260602861
B1236284627835N00659442EA0260502859
B1236294627841N00659441EA0260402856
B1236304627848N00659440EA0260402855
B1236314627854N00659440EA0260302854
B1236324627860N00659439EA0260202853
B1236334627866N00659439EA0260002852
B1236344627871N00659439EA0259802851
B1236354627877N00659439EA0259602849
B1236364627882N00659438EA0259402847
B1236374627888N00659439EA0259302845
B1236384627894N00659440EA0259202844
B1236394627899N00659441EA0259102843
B1236404627905N00659441EA0259002841
B1236414627910N00659442EA0258702840
B1236424627916N00659443EA0258602838
B1236434627922N00659444EA0258502837
B1236444627927N00659446EA0258402836
B1236454627933N00659447EA0258302834
B1236464627939N00659448EA0258102833
B1236474627945N00659449EA0258002832
B1236484627951N00659449EA0257802831
B1236494627957N00659450EA0257702830
B1236504627963N00659450EA0257602828
B1236514627970N00659449EA0257502827
B1236524627976N00659448EA0257302826
B1236534627982N00659448EA0257202824
B1236544627988N00659449EA0257002823
B1236554627994N00659449EA0257002822
B1236564628000N00659450EA0256802820
B1236574628006N00659450EA0256602819
B1236584628012N00659450EA0256502818
B1236594628017N00659450EA0256402817
B1237004628023N00659449EA0256202815
B1237014628029N00659449EA0255902813
B1237024628034N00659450EA0255702811
B1237034628040N00659452EA0255502809
B1237044628046N00659454EA0255302808
B1237054628051N00659456EA0255102806
B1237064628057N00659459EA0254902804
B1237074628063N00659461EA0254702803
B1237094628074N00659466EA0254502800
B1237104628080N00659468EA0254202798
B1237114628085N00659471EA0254002796
B1237124628091N00659473EA0254002794
B1237134628096N00659476EA0253902790
B1237144628101N00659478EA0253802788
B1237154628106N00659480EA0253702787
B1237164628111N00659482EA0253502785
B1237174628117N00659484EA0253402784
B1237184628123N00659487EA0253402782
B1237194628129N00659490EA0253402782
B1237204628134N00659492EA0253602781
B1237214628138N00659495EA0253502780
B1237224628142N00659498EA0253402779
B1237234628146N00659500EA0253102778
B1237244628150N00659503EA0252902777
B1237254628155N00659506EA0252802776
B1237264628161N00659509EA0252602774
B1237274628166N00659512EA0252602773
B1237284628171N00659514EA0252602772
B1237294628175N00659517EA0252402771
B1237304628180N00659519EA0252102770
B1237314628185N00659521EA0251902768
B1237324628191N00659523EA0251702767
B1237334628196N00659526EA0251602766
B1237344628201N00659528EA0251502764
B1237354628205N00659530EA0251402763
B1237364628210N00659532EA0251202761
B1237374628214N00659534EA0251102760
B1237384628219N00659537EA0250902759
B1237394628224N00659539EA0250902757
B1237404628229N00659541EA0250702756
B1237414628233N00659543EA0250602755
B1237424628237N00659546EA0250302754
B1237434628242N00659548EA0250102752
B1237444628247N00659551EA0250002751
B1237454628251N00659554EA0250002749
B1237464628256N00659556EA0249902748
LXSB bat: 87% (3586)
LXSB temp: 16 45%
B1237474628261N00659559EA0249802746
B1237484628265N00659561EA0249802745
B1237494628269N00659564EA0249702744
B1237504628274N00659565EA0249602743
B1237514628278N00659567EA0249502741
B1237524628283N00659568EA0249402740
B1237534628288N00659570EA0249302739
B1237544628293N00659571EA0249102737
B1237554628297N00659572EA0249002735
B1237564628302N00659572EA0248802733
B1237574628307N00659573EA0248602731
B1237584628312N00659573EA0248402729
B1237594628317N00659574EA0248202727
B1238004628322N00659575EA0248102725
B1238014628328N00659575EA0247902724
B1238024628333N00659576EA0247802722
B1238034628339N00659576EA0247702721
B1238044628344N00659576EA0247602719
B1238054628349N00659577EA0247502718
B1238064628354N00659576EA0247402717
B1238074628359N00659576EA0247202715
B1238084628363N00659576EA0246902713
B1238094628367N00659576EA0246502710
B1238104628371N00659576EA0246302707
B1238114628376N00659577EA0246002704
B1238124628381N00659577EA0245802701
B1238134628386N00659578EA0245702698
B1238144628390N00659579EA0245502696
B1238154628394N00659580EA0245302693
B1238164628398N00659581EA0245002690
B1238174628402N00659582EA0244802687
B1238184628407N00659582EA0244502684
B1238194628412N00659584EA0244302681
B1238204628417N00659586EA0244202679
B1238214628421N00659588EA0244202677
B1238224628425N00659590EA0244102675
B1238234628430N00659592EA0243902674
B1238244628434N00659593EA0243702673
B1238254628438N00659594EA0243502671
B1238264628442N00659596EA0243302669
B1238274628446N00659597EA0243202667
B1238284628450N00659598EA0243002664
B1238294628454N00659600EA0242802662
B1238304628458N00659602EA0242502659
B1238314628463N00659604EA0242402656
B1238324628468N00659605EA0242102662
B1238334628472N00659607EA0241902659
B1238344628476N00659608EA0241602657
B1238354628480N00659610EA0241402655
B1238364628484N00659611EA0241102653
B1238374628489N00659613EA0240902651
B1238384628493N00659615EA0240502648
B1238394628497N00659617EA0240302645
B1238404628502N00659618EA0240102642
B1238414628507N00659620EA0239902639
B1238424628511N00659623EA0239802637
B1238434628515N00659625EA0239602635
B1238444628519N00659627EA0239402633
B1238454628523N00659630EA0239202630
B1238464628527N00659632EA0239002628
B1238474628532N00659634EA0238802625
B1238484628536N00659637EA0238602622
B1238494628541N00659639EA0238502620
B1238504628546N00659642EA0238302617
B1238514628550N00659644EA0238202615
B1238524628554N00659647EA0238002612
B1238534628559N00659651EA0237802610
B1238544628563N00659654EA0237602608
B1238554628567N00659659EA0237402605
B1238564628571N00659663EA0237202603
B1238574628576N00659666EA0237002600
B1238584628581N00659670EA0236902598
B1238594628585N00659673EA0236702596
B1239004628590N00659677EA0236502594
B1239014628595N00659680EA0236202591
B1239024628601N00659684EA0236002599
B1239034628607N00659687EA0235802598
B1239044628612N00659690EA0235702596
B1239054628616N00659693EA0235502594
B1239064628621N00659695EA0235302591
B1239074628626N00659697EA0235002588
B1239084628631N00659699EA0234802586
B1239094628636N00659701EA0234502583
B1239104628641N00659702EA0234302580
B1239114628646N00659703EA0234102577
B1239124628651N00659705EA0234002574
B1239134628656N00659706EA0233702572
B1239144628661N00659706EA0233502569
B1239154628666N00659708EA0233302567
B1239164628671N00659709EA0233102564
B1239174628676N00659711EA0232902562
B1239184628681N00659713EA0232702560
B1239194628685N00659714EA0232602558
B1239204628690N00659715EA0232402556
B1239214628694N00659716EA0232202553
B1239224628698N00659718EA0232002551
B1239234628703N00659720EA0231902549
B1239244628707N00659722EA0231702547
B1239254628711N00659725EA0231402544
B1239264628715N00659728EA0231102541
B1239274628720N00659730EA0230802548
B1239284628725N00659733EA0230602546
B1239294628729N00659736EA0230402544
B1239304628734N00659739EA0230202541
B1239314628739N00659741EA0230102539
B1239324628743N00659744EA0229802537
B1239334628747N00659747EA0229702534
B1239344628752N00659749EA0229502532
B1239354628756N00659752EA0229302529
B1239364628760N00659754EA0229102528
B1239374628764N00659756EA0228902526
B1239384628768N00659757EA0228702524
B1239404628776N00659759EA0228502522
B1239414628780N00659761EA0228402520
B1239424628785N00659763EA0228102518
B1239434628789N00659766EA0227902523
B1239444628794N00659768EA0227702521
B1239454628798N00659771EA0227502517
B1239464628802N00659774EA0227302515
B1239474628806N00659778EA0227202513
B1239484628809N00659781EA0227002510
B1239494628813N00659786EA0226802508
B1239504628817N00659791EA0226602511
B1239514628821N00659797EA0226402509
B1239524628824N00659802EA0226202507
B1239534628828N00659807EA0226002505
B1239544628831N00659813EA0225702503
B1239554628835N00659818EA0225402500
B1239564628838N00659824EA0225102497
B1239574628842N00659829EA0224802493
B1239584628847N00659833EA0224602490
B1239594628851N00659838EA0224402488
B1240004628854N00659843EA0224202485
B1240014628858N00659848EA0224002482
B1240024628862N00659853EA0223902479
B1240034628866N00659858EA0223802477
B1240044628870N00659863EA0223802474
B1240054628874N00659868EA0223702472
B1240064628878N00659874EA0223802471
B1240074628882N00659879EA0223802470
B1240084628886N00659885EA0223802469
B1240094628890N00659891EA0224002468
B1240104628895N00659896EA0224102468
B1240114628899N00659901EA0224102469
B1240124628903N00659906EA0224202469
B1240134628907N00659911EA0224302469
B1240144628911N00659915EA0224402469
B1240154628916N00659919EA0224502468
B1240164628920N00659923EA0224802469
B1240174628923N00659927EA0225102469
B1240184628926N00659931EA0225302469
B1240194628928N00659936EA0225502470
B1240204628931N00659940EA0225602472
B1240214628933N00659945EA0225702473
B1240224628936N00659950EA0225802474
B1240234628939N00659955EA0225902475
B1240244628942N00659960EA0225902476
B1240254628945N00659965EA0226002476
B1240264628948N00659969EA0226002477
B1240274628951N00659973EA0226102477
B1240284628955N00659976EA0226202478
B1240294628959N00659979EA0226202478
B1240304628962N00659982EA0226202478
B1240314628967N00659984EA0226302479
B1240324628971N00659987EA0226402480
B1240334628975N00659989EA0226402480
B1240344628980N00659992EA0226502481
B1240354628983N00659994EA0226502481
B1240364628987N00659997EA0226502481
B1240374628991N00659998EA0226502481
B1240384628995N00700000EA0226502481
B1240404629003N00700004EA0226702482
B1240414629006N00700006EA0226902483
B1240424629009N00700008EA0227002484
B1240434629012N00700011EA0227102484
B1240444629014N00700014EA0227102485
B1240454629018N00700016EA0227102485
B1240464629021N00700019EA0227202485
B1240474629025N00700022EA0227302485
B1240484629028N00700027EA0227402486
B1240494629032N00700032EA0227502486
B1240504629035N00700037EA0227602487
B1240514629039N00700042EA0227602488
B1240524629042N00700046EA0227602488
B1240534629045N00700050EA0227502487
B1240544629049N00700054EA0227402486
B1240554629053N00700057EA0227402486
B1240564629057N00700061EA0227502487
B1240574629061N00700064EA0227702488
B1240584629065N00700067EA0227802489
B1240594629069N00700069EA0227802489
B1241004629073N00700071EA0227802490
B1241014629077N00700074EA0227802490
B1241024629081N00700078EA0227802491
B1241034629086N00700081EA0227702491
B1241044629090N00700084EA0227602491
B1241054629095N00700086EA0227402491
B1241064629100N00700089EA0227302491
B1241074629104N00700091EA0227302492
B1241084629109N00700093EA0227202492
B1241094629114N00700095EA0227202491
B1241104629120N00700096EA0227102492
B1241114629125N00700098EA0227202492
B1241124629130N00700100EA0227202492
B1241134629135N00700102EA0227202493
B1241144629140N00700103EA0227202493
B1241154629144N00700104EA0227202493
B1241164629148N00700104EA0227102493
B1241174629153N00700104EA0227102492
B1241184629158N00700105EA0227102492
B1241194629163N00700105EA0227102493
B1241204629167N00700105EA0227102493
B1241214629172N00700105EA0227002493
B1241224629177N00700105EA0226802492
B1241234629182N00700105EA0226802491
B1241244629188N00700104EA0226802491
B1241254629193N00700104EA0226902492
B1241264629198N00700105EA0227002493
B1241274629202N00700106EA0226902494
B1241284629207N00700107EA0226802495
B1241294629212N00700109EA0226702495
B1241304629217N00700110EA0226602494
B1241314629223N00700110EA0226602494
B1241324629228N00700111EA0226702495
B1241334629234N00700111EA0226702495
B1241344629239N00700112EA0226802496
B1241354629243N00700113EA0226802496
B1241364629248N00700115EA0226602496
B1241374629253N00700117EA0226402495
B1241384629258N00700118EA0226202494
B1241394629263N00700120EA0225802493
B1241404629267N00700120EA0225502489
B1241414629273N00700121EA0225102486
B1241424629278N00700121EA0224802484
B1241434629283N00700121EA0224502482
B1241444629289N00700122EA0224302480
B1241454629293N00700121EA0224002477
B1241464629298N00700120EA0223802473
B1241474629303N00700120EA0223602470
B1241484629308N00700119EA0223402468
B1241494629314N00700119EA0223302466
B1241504629319N00700119EA0223102464
B1241514629323N00700120EA0222902463
B1241524629328N00700120EA0222602459
B1241534629332N00700120EA0222402457
B1241544629338N00700120EA0222202455
B1241554629343N00700121EA0222102453
B1241564629349N00700121EA0222102452
B1241574629354N00700122EA0222002451
B1241584629359N00700123EA0221902449
B1241594629363N00700123EA0221702447
B1242004629368N00700124EA0221502445
B1242014629373N00700125EA0221302443
B1242024629378N00700125EA0221302441
B1242034629383N00700126EA0221102439
B1242044629388N00700127EA0220902437
B1242054629393N00700128EA0220802435
B1242064629398N00700128EA0220702434
B1242074629404N00700129EA0220702432
B1242084629409N00700130EA0220602431
B1242094629413N00700131EA0220402430
B1242104629418N00700132EA0220202428
B1242114629423N00700133EA0220002427
B1242124629429N00700134EA0219902425
B1242134629435N00700135EA0219902424
B1242144629440N00700137EA0219802422
B1242154629445N00700138EA0219702421
B1242164629450N00700138EA0219602420
B1242174629455N00700139EA0219502418
B1242184629460N00700139EA0219402417
B1242194629466N00700140EA0219402416
B1242204629471N00700141EA0219302415
B1242214629476N00700142EA0219202414
B1242224629481N00700143EA0218902413
B1242234629486N00700144EA0218702411
B1242244629491N00700145EA0218502409
B1242254629497N00700146EA0218302407
B1242264629502N00700147EA0218202406
B1242274629508N00700149EA0218102404
B1242284629513N00700151EA0217902402
B1242294629519N00700153EA0217702401
B1242304629524N00700155EA0217502399
B1242314629530N00700157EA0217302397
B1242324629535N00700158EA0217202394
B1242334629541N00700160EA0217102392
B1242344629547N00700161EA0217002391
B1242354629553N00700162EA0217002390
B1242364629559N00700163EA0216902389
B1242374629564N00700164EA0216702388
B1242384629569N00700165EA0216702386
B1242394629574N00700166EA0216602385
B1242404629580N00700168EA0216602384
B1242414629585N00700169EA0216602384
B1242424629590N00700171EA0216502383
B1242434629596N00700172EA0216402382
B1242444629601N00700175EA0216302381
B1242454629607N00700178EA0216502380
B1242464629613N00700182EA0216602380
B1242474629619N00700186EA0216702381
B1242484629624N00700190EA0216602381
LXSB bat: 86% (3580)
LXSB temp: 22 44%
B1242494629628N00700194EA0216402380
B1242504629633N00700197EA0216402379
B1242514629639N00700201EA0216402379
B1242524629644N00700204EA0216402379
B1242534629650N00700208EA0216502379
B1242544629655N00700211EA0216602380
B1242554629660N00700215EA0216702380
B1242564629665N00700218EA0216602381
B1242574629669N00700220EA0216502381
B1242584629673N00700223EA0216402381
B1242594629678N00700225EA0216402380
B1243004629683N00700227EA0216402380
B1243014629688N00700228EA0216402379
B1243024629693N00700228EA0216302380
B1243034629696N00700227EA0216102380
B1243044629700N00700227EA0215902379
B1243054629704N00700228EA0215702378
B1243064629708N00700229EA0215602376
B1243074629713N00700231EA0215402375
B1243084629718N00700233EA0215202374
B1243094629723N00700236EA0215002372
B1243104629727N00700238EA0214802371
B1243114629732N00700241EA0214502370
B1243124629737N00700243EA0214302368
B1243134629742N00700246EA0214202367
B1243154629754N00700252EA0214102365
B1243164629759N00700255EA0214002364
B1243174629764N00700258EA0213802362
B1243184629769N00700261EA0213602361
B1243194629775N00700265EA0213402359
B1243204629781N00700268EA0213202356
B1243214629786N00700272EA0213002354
B1243224629792N00700276EA0212902352
B1243234629797N00700279EA0212702350
B1243244629802N00700283EA0212602349
B1243254629807N00700287EA0212502345
B1243264629813N00700291EA0212402343
B1243274629818N00700295EA0212302342
B1243284629823N00700300EA0212302341
B1243294629828N00700304EA0212202340
B1243304629833N00700308EA0212002339
B1243314629838N00700313EA0211902337
B1243324629843N00700318EA0211702335
B1243334629849N00700323EA0211602334
B1243344629854N00700329EA0211602333
B1243354629860N00700334EA0211502332
B1243364629865N00700339EA0211502331
B1243374629870N00700344EA0211502330
B1243384629874N00700349EA0211402330
B1243394629878N00700354EA0211302329
B1243404629883N00700358EA0211302328
B1243414629888N00700363EA0211302327
B1243424629893N00700368EA0211302326
B1243434629897N00700373EA0211302325
B1243444629901N00700378EA0211202324
B1243454629905N00700382EA0211102322
B1243464629909N00700386EA0210902320
B1243474629914N00700391EA0210802319
B1243484629919N00700396EA0210802319
B1243494629924N00700401EA0210902318
B1243504629928N00700405EA0210902318
B1243514629932N00700409EA0210802318
B1243524629936N00700414EA0210602318
B1243534629941N00700418EA0210402317
B1243544629946N00700423EA0210502315
B1243554629952N00700427EA0210802314
B1243564629957N00700432EA0211002311
B1243574629961N00700437EA0211302310
B1243584629964N00700441EA0211402311
B1243594629967N00700446EA0211402311
B1244004629970N00700451EA0211302311
B1244014629975N00700455EA0211302311
B1244024629978N00700460EA0211302311
B1244034629983N00700466EA0211302313
B1244044629986N00700470EA0211202313
B1244054629990N00700473EA0211202313
B1244064629994N00700477EA0211102312
B1244074629999N00700481EA0211102313
B1244084630003N00700485EA0211202313
B1244094630007N00700489EA0211302315
B1244104630011N00700493EA0211502317
B1244114630015N00700498EA0211702319
B1244124630018N00700502EA0211702321
B1244134630021N00700508EA0211802322
B1244144630024N00700513EA0212002324
B1244154630027N00700518EA0212302326
B1244164630029N00700522EA0212402327
B1244174630031N00700526EA0212402328
B1244184630032N00700529EA0212402329
B1244194630034N00700534EA0212202330
B1244204630036N00700540EA0212202330
B1244214630040N00700548EA0212302330
B1244224630042N00700557EA0212402330
B1244234630045N00700566EA0212502332
B1244244630046N00700573EA0212402333
B1244254630048N00700579EA0212302333
B1244264630051N00700584EA0212202334
B1244274630053N00700589EA0212102333
B1244284630056N00700593EA0212102333
B1244294630059N00700598EA0212002333
B1244304630062N00700603EA0211902333
B1244314630064N00700609EA0211902332
B1244324630067N00700615EA0211702332
B1244334630070N00700620EA0211502332
B1244344630072N00700626EA0211402331
B1244354630075N00700631EA0211102329
B1244364630078N00700637EA0210902328
B1244374630082N00700642EA0210702326
B1244384630086N00700646EA0210502324
B1244394630090N00700650EA0210302322
B1244404630095N00700654EA0210202320
B1244414630099N00700657EA0210202319
B1244424630104N00700662EA0210202319
B1244434630107N00700666EA0210102318
B1244444630111N00700671EA0210002317
B1244454630115N00700675EA0210002316
B1244464630120N00700680EA0210002316
B1244474630124N00700683EA0209902315
B1244484630128N00700687EA0209902315
B1244494630132N00700690EA0209902315
B1244504630137N00700694EA0209902315
B1244514630142N00700697EA0209802315
B1244524630147N00700701EA0209802315
B1244534630151N00700704EA0209802314
B1244544630155N00700707EA0209902315
B1244554630159N00700709EA0209902315
B1244564630163N00700712EA0209802315
B1244574630167N00700714EA0209902315
B1244584630171N00700717EA0210102315
B1244594630175N00700720EA0210402316
B1245004630179N00700723EA0210502316
B1245014630183N00700726EA0210602317
B1245024630186N00700730EA0210702318
B1245034630189N00700733EA0210702319
B1245044630193N00700737EA0210802319
B1245054630198N00700741EA0210902319
B1245064630202N00700745EA0211002320
B1245074630205N00700750EA0211102321
B1245084630209N00700755EA0211202322
B1245094630211N00700760EA0211302323
B1245104630214N00700766EA0211302323
B1245114630217N00700773EA0211502324
B1245124630220N00700779EA0211502325
B1245134630224N00700784EA0211502326
B1245144630227N00700790EA0211502326
B1245154630230N00700795EA0211402326
B1245164630234N00700800EA0211202326
B1245174630239N00700804EA0211102326
B1245184630243N00700807EA0211002325
B1245194630248N00700809EA0211002324
B1245204630253N00700810EA0211002324
B1245214630258N00700810EA0211002323
B1245224630263N00700810EA0211002323
B1245234630267N00700810EA0211002323
B1245244630271N00700810EA0211002323
B1245254630276N00700810EA0211202323
B1245264630280N00700809EA0211302324
B1245274630285N00700808EA0211502325
B1245284630289N00700806EA0211602326
B1245294630293N00700804EA0211602328
B1245304630296N00700802EA0211602328
B1245314630300N00700801EA0211502329
B1245324630304N00700799EA0211402329
B1245334630308N00700797EA0211402328
B1245344630312N00700793EA0211302327
B1245354630316N00700789EA0211202327
B1245364630320N00700784EA0211202326
B1245374630324N00700780EA0211202326
B1245384630328N00700775EA0211302326
B1245394630332N00700770EA0211402326
B1245404630335N00700764EA0211402326
B1245414630338N00700759EA0211402326
B1245424630341N00700753EA0211402326
B1245434630344N00700747EA0211402326
B1245444630348N00700740EA0211402326
B1245454630352N00700734EA0211602326
B1245464630356N00700727EA0211702327
B1245474630360N00700721EA0211902328
B1245484630363N00700716EA0211902328
B1245494630365N00700710EA0212002329
B1245504630368N00700704EA0212002330
B1245514630370N00700698EA0212002331
B1245524630372N00700692EA0211902331
B1245534630373N00700685EA0211902331
B1245544630375N00700678EA0212002332
B1245554630376N00700671EA0212002332
B1245564630378N00700664EA0212002333
B1245574630379N00700659EA0212102333
B1245584630380N00700653EA0212102334
B1245594630381N00700647EA0212102335
B1246004630382N00700641EA0212202336
B1246014630382N00700635EA0212302337
B1246024630382N00700629EA0212402339
B1246034630382N00700621EA0212502341
B1246044630381N00700614EA0212702343
B1246054630380N00700608EA0212802345
B1246064630378N00700602EA0212902346
B1246074630377N00700595EA0212902347
B1246084630376N00700589EA0212902348
B1246094630374N00700584EA0212802348
B1246104630373N00700577EA0212802347
B1246114630372N00700570EA0212902347
B1246124630371N00700563EA0213102348
B1246134630370N00700558EA0213202349
B1246144630369N00700552EA0213202350
B1246154630368N00700547EA0213202350
B1246164630367N00700541EA0213302351
B1246174630366N00700535EA0213402352
B1246184630366N00700529EA0213502353
B1246194630365N00700522EA0213602354
B1246214630365N00700510EA0213702355
B1246224630366N00700503EA0213802356
B1246234630368N00700496EA0214102357
B1246244630369N00700489EA0214602360
B1246254630371N00700482EA0214902362
B1246264630372N00700476EA0215502359
B1246274630373N00700471EA0215902360
B1246284630373N00700466EA0216202363
B1246294630373N00700461EA0216602367
B1246304630374N00700456EA0217002371
B1246314630375N00700451EA0217302375
B1246324630377N00700445EA0217702381
B1246334630379N00700439EA0218202385
B1246344630379N00700434EA0218702382
B1246354630380N00700429EA0219202385
B1246364630382N00700425EA0219602389
B1246374630384N00700424EA0219902392
B1246384630388N00700424EA0220202395
B1246394630393N00700428EA0220502399
B1246404630396N00700432EA0220802396
B1246414630397N00700440EA0221202397
B1246424630393N00700450EA0221502401
B1246434630387N00700455EA0221902407
B1246444630381N00700454EA0222402414
B1246454630377N00700450EA0222902419
B1246464630376N00700445EA0223302424
B1246474630377N00700440EA0223702428
B1246484630380N00700437EA0224002431
B1246494630383N00700435EA0224302437
B1246504630387N00700435EA0224702442
B1246514630392N00700437EA0225102445
B1246524630395N00700442EA0225502443
B1246534630398N00700449EA0225802446
B1246544630400N00700457EA0226202449
B1246554630399N00700466EA0226502452
B1246564630395N00700475EA0226802456
B1246574630388N00700482EA0227202460
B1246584630381N00700484EA0227502465
B1246594630376N00700482EA0228002472
B1247004630372N00700476EA0228502477
B1247014630371N00700470EA0229002483
B1247024630372N00700464EA0229402490
B1247034630374N00700460EA0229702496
B1247044630377N00700459EA0230002500
B1247054630382N00700460EA0230302504
B1247064630387N00700465EA0230702508
B1247074630390N00700472EA0231102505
B1247084630391N00700482EA0231502509
B1247094630389N00700491EA0231902513
B1247104630386N00700499EA0232202517
B1247114630381N00700506EA0232502522
B1247124630376N00700511EA0232802527
B1247134630371N00700512EA0233102532
B1247144630366N00700510EA0233502536
B1247154630363N00700505EA0234002541
B1247164630362N00700499EA0234402539
B1247174630363N00700493EA0234802543
B1247184630367N00700490EA0235102547
B1247194630371N00700490EA0235502551
B1247204630376N00700493EA0235902555
B1247214630380N00700498EA0236302553
B1247224630383N00700505EA0236702556
B1247234630384N00700515EA0237002558
B1247244630385N00700524EA0237302561
B1247254630383N00700534EA0237602565
B1247264630379N00700541EA0237902565
B1247274630375N00700546EA0238302568
B1247284630370N00700549EA0238602574
B1247294630366N00700550EA0239002579
B1247304630362N00700549EA0239302583
B1247314630359N00700545EA0239702588
B1247324630357N00700539EA0240102586
B1247334630357N00700533EA0240602590
B1247344630358N00700527EA0241002593
B1247354630361N00700523EA0241302598
B1247364630364N00700522EA0241602601
B1247374630368N00700524EA0241802605
B1247384630373N00700527EA0242102608
B1247394630377N00700533EA0242502611
B1247404630380N00700541EA0242802609
B1247414630382N00700551EA0243202611
B1247424630382N00700561EA0243402616
B1247434630380N00700569EA0243502621
B1247444630376N00700574EA0243702624
B1247454630373N00700573EA0244002625
B1247464630370N00700569EA0244502628
B1247474630368N00700564EA0245002632
B1247484630367N00700559EA0245402637
B1247494630367N00700556EA0245702642
B1247504630368N00700553EA0246002641
B1247514630371N00700551EA0246202645
B1247524630374N00700549EA0246502648
B1247534630377N00700547EA0246702651
B1247544630382N00700547EA0246902654
LXSB bat: 82% (3562)
LXSB temp: 22 42%
B1247554630387N00700550EA0247102656
B1247574630395N00700567EA0247502659
B1247584630398N00700577EA0247802662
B1247594630398N00700587EA0248102665
B1248004630397N00700596EA0248202669
B1248014630393N00700602EA0248302673
B1248024630389N00700605EA0248502677
B1248034630385N00700606EA0248602680
B1248044630383N00700606EA0248902682
B1248054630380N00700604EA0249102685
B1248064630380N00700600EA0249302688
B1248074630380N00700597EA0249602693
B1248084630381N00700594EA0249902697
B1248094630384N00700591EA0250102700
B1248104630387N00700590EA0250402703
B1248114630392N00700590EA0250702707
B1248124630397N00700592EA0250902710
B1248134630402N00700596EA0251002713
B1248144630408N00700601EA0251202716
B1248154630413N00700609EA0251302718
B1248164630417N00700619EA0251502721
B1248174630420N00700629EA0251702724
B1248184630420N00700638EA0251802725
B1248194630419N00700646EA0251702727
B1248204630416N00700653EA0251702729
B1248214630413N00700659EA0251602731
B1248224630410N00700662EA0251602732
B1248234630406N00700664EA0251602733
B1248244630403N00700662EA0251802735
B1248254630402N00700658EA0252002737
B1248264630403N00700653EA0252302739
B1248274630406N00700651EA0252602740
B1248284630409N00700650EA0252702742
B1248294630412N00700650EA0252802744
B1248304630415N00700650EA0252802746
B1248314630419N00700648EA0252802747
B1248324630424N00700646EA0253002750
B1248334630429N00700644EA0253302752
B1248344630433N00700642EA0253602756
B1248354630438N00700642EA0254002759
B1248364630443N00700642EA0254202763
B1248374630449N00700643EA0254402766
B1248384630455N00700643EA0254702770
B1248394630461N00700644EA0255002773
B1248404630467N00700646EA0255302777
B1248414630471N00700647EA0255502772
B1248424630476N00700648EA0255602775
B1248434630480N00700650EA0255702778
B1248444630486N00700653EA0255702780
B1248454630491N00700658EA0255702781
B1248464630495N00700665EA0255902784
B1248474630499N00700673EA0256102786
B1248484630500N00700682EA0256202788
B1248494630500N00700691EA0256202790
B1248504630499N00700699EA0256202792
B1248514630496N00700707EA0256202793
B1248524630493N00700713EA0256202796
B1248534630490N00700718EA0256202797
B1248544630486N00700720EA0256202798
B1248554630482N00700720EA0256202799
B1248564630479N00700718EA0256102800
B1248574630479N00700714EA0256202801
B1248584630480N00700710EA0256302802
B1248594630483N00700708EA0256302803
B1249004630487N00700707EA0256402804
B1249014630492N00700708EA0256502805
B1249024630497N00700709EA0256602806
B1249034630502N00700712EA0256702807
B1249044630508N00700716EA0256702808
B1249054630513N00700722EA0256902810
B1249064630517N00700727EA0257002811
B1249074630520N00700733EA0256902812
B1249084630524N00700739EA0256802813
B1249094630526N00700746EA0256702812
B1249104630530N00700753EA0256602811
B1249114630534N00700761EA0256502811
B1249124630537N00700769EA0256402811
B1249134630541N00700778EA0256402810
B1249144630544N00700786EA0256202810
B1249154630547N00700795EA0256102809
B1249164630551N00700803EA0256102808
B1249174630553N00700812EA0256202808
B1249184630556N00700821EA0256202808
B1249194630559N00700829EA0256102809
B1249204630562N00700836EA0256102808
B1249214630565N00700843EA0256002807
B1249224630569N00700850EA0255902806
B1249234630573N00700857EA0255902806
B1249244630577N00700864EA0256002805
B1249254630581N00700871EA0256102806
B1249264630586N00700878EA0256202806
B1249274630589N00700885EA0256402806
B1249284630593N00700891EA0256502807
B1249294630597N00700897EA0256502807
B1249304630601N00700903EA0256602807
B1249314630605N00700910EA0256602808
B1249324630609N00700917EA0256702808
B1249334630613N00700924EA0256702809
B1249344630616N00700932EA0256702809
B1249354630620N00700939EA0256702809
B1249364630625N00700946EA0256702809
B1249374630629N00700953EA0256702810
B1249384630634N00700961EA0256602810
B1249394630638N00700968EA0256402810
B1249404630641N00700974EA0256302810
B1249414630646N00700981EA0256102809
B1249424630650N00700988EA0256002809
B1249434630654N00700995EA0256102808
B1249444630658N00701002EA0256002808
B1249454630662N00701009EA0256102809
B1249464630665N00701014EA0256102809
B1249474630669N00701019EA0256002809
B1249484630673N00701024EA0255902809
B1249494630678N00701030EA0255802808
B1249504630682N00701035EA0255802807
B1249514630687N00701040EA0255702807
B1249524630691N00701045EA0255702806
B1249534630696N00701049EA0255602806
B1249544630700N00701054EA0255602806
B1249554630705N00701059EA0255602806
B1249564630709N00701063EA0255602806
B1249574630713N00701067EA0255502805
B1249584630717N00701072EA0255402804
B1249594630721N00701077EA0255502803
B1250004630725N00701084EA0255502803
B1250014630729N00701090EA0255602803
B1250024630732N00701095EA0255602803
B1250034630735N00701101EA0255602803
B1250044630739N00701106EA0255602802
B1250054630743N00701112EA0255502802
B1250064630747N00701118EA0255602801
B1250074630751N00701124EA0255602802
B1250084630754N00701129EA0255602802
B1250094630758N00701134EA0255602802
B1250104630761N00701139EA0255502802
B1250114630765N00701144EA0255502802
B1250124630768N00701150EA0255402802
B1250134630771N00701155EA0255302801
B1250144630774N00701161EA0255302800
B1250164630782N00701172EA0255302800
B1250174630785N00701178EA0255302799
B1250184630789N00701183EA0255302799
B1250194630793N00701189EA0255302799
B1250204630797N00701194EA0255302799
B1250214630800N00701200EA0255302800
B1250224630804N00701205EA0255202800
B1250234630808N00701210EA0255202800
B1250244630812N00701216EA0255202800
B1250254630816N00701221EA0255102800
B1250264630820N00701225EA0255102799
B1250274630825N00701230EA0255102799
B1250284630828N00701235EA0255102798
B1250294630832N00701240EA0255102798
B1250304630836N00701246EA0255002797
B1250314630839N00701252EA0255002797
B1250324630842N00701258EA0254902796
B1250334630846N00701263EA0254802796
B1250344630849N00701269EA0254702794
B1250354630853N00701275EA0254602793
B1250364630856N00701281EA0254602792
B1250374630860N00701287EA0254502792
B1250384630863N00701292EA0254402791
B1250394630867N00701297EA0254302790
B1250404630870N00701302EA0254102788
B1250414630874N00701308EA0253902786
B1250424630877N00701315EA0253702784
B1250434630880N00701322EA0253602782
B1250444630883N00701329EA0253602781
B1250454630886N00701336EA0253402779
B1250464630890N00701342EA0253202777
B1250474630893N00701349EA0253002776
B1250484630897N00701356EA0252702773
B1250494630902N00701363EA0252602772
B1250504630906N00701370EA0252502770
B1250514630910N00701376EA0252402770
B1250524630914N00701381EA0252102768
B1250534630917N00701387EA0251802767
B1250544630920N00701393EA0251502765
B1250554630924N00701399EA0251302762
B1250564630928N00701406EA0251002765
B1250574630932N00701412EA0250802762
B1250584630935N00701419EA0250602761
B1250594630938N00701425EA0250402758
B1251004630940N00701431EA0250202756
B1251014630944N00701437EA0250002755
B1251024630947N00701443EA0249802753
B1251034630951N00701450EA0249702750
B1251044630955N00701456EA0249702749
B1251054630958N00701462EA0249602748
B1251064630962N00701467EA0249602747
B1251074630965N00701472EA0249402745
B1251084630969N00701477EA0249202744
B1251094630973N00701483EA0249102742
B1251104630978N00701489EA0249002740
B1251114630981N00701495EA0249002739
B1251124630984N00701501EA0248902738
B1251134630988N00701507EA0248702737
B1251144630991N00701513EA0248402735
B1251154630994N00701519EA0248202733
B1251164630998N00701526EA0248002730
B1251174631002N00701533EA0248002728
B1251184631007N00701539EA0247802726
B1251194631011N00701546EA0247802724
B1251204631014N00701552EA0247802724
B1251214631018N00701557EA0247702723
B1251224631022N00701562EA0247702722
B1251234631026N00701567EA0247502721
B1251244631030N00701572EA0247402719
B1251254631034N00701578EA0247402718
B1251264631039N00701583EA0247502718
B1251274631043N00701588EA0247502717
B1251284631048N00701593EA0247402717
B1251294631051N00701599EA0247302716
B1251304631055N00701605EA0247202715
B1251314631059N00701612EA0247102713
B1251324631063N00701618EA0246902712
B1251334631068N00701624EA0246802710
B1251344631072N00701630EA0246602709
B1251354631076N00701637EA0246502707
B1251364631081N00701643EA0246502705
B1251374631085N00701650EA0246502703
B1251384631088N00701656EA0246402702
B1251394631092N00701662EA0246202701
B1251404631095N00701668EA0246102699
B1251414631100N00701675EA0245802702
B1251424631105N00701681EA0245602700
B1251434631110N00701688EA0245402698
B1251444631114N00701695EA0245302696
B1251454631118N00701702EA0245202694
B1251464631122N00701709EA0245002693
B1251474631127N00701715EA0244702691
B1251484631131N00701720EA0244502688
B1251494631136N00701725EA0244202685
B1251504631140N00701732EA0243902681
B1251514631145N00701739EA0243702678
B1251524631149N00701746EA0243302681
B1251534631154N00701751EA0243002678
B1251544631159N00701757EA0242602676
B1251554631164N00701763EA0242302672
B1251564631169N00701769EA0242102669
B1251574631175N00701776EA0241702671
B1251584631180N00701782EA0241402669
B1251594631185N00701787EA0241002666
B1252004631190N00701792EA0240702663
B1252014631195N00701797EA0240402659
B1252024631200N00701802EA0240102656
B1252034631205N00701808EA0239802653
B1252044631210N00701813EA0239502649
B1252054631215N00701818EA0239102646
B1252064631220N00701823EA0238702641
B1252074631225N00701829EA0238402637
B1252084631231N00701836EA0238202638
B1252104631242N00701847EA0238002635
B1252114631246N00701853EA0237802635
B1252124631251N00701858EA0237502634
B1252134631256N00701864EA0237302631
B1252144631262N00701869EA0237102629
B1252154631268N00701876EA0236902627
B1252164631273N00701882EA0236902625
B1252174631278N00701888EA0236802623
B1252184631282N00701894EA0236602622
B1252194631288N00701899EA0236502621
B1252204631293N00701904EA0236302619
B1252214631298N00701910EA0236102617
B1252224631304N00701916EA0236002615
B1252234631309N00701921EA0235902611
B1252244631314N00701927EA0235802609
B1252254631319N00701932EA0235602607
B1252264631325N00701937EA0235502605
B1252274631330N00701942EA0235402603
B1252284631335N00701948EA0235202601
B1252294631341N00701953EA0235102599
B1252304631346N00701958EA0235002597
B1252314631352N00701963EA0234802594
B1252324631358N00701969EA0234702592
B1252334631363N00701974EA0234602590
B1252344631369N00701980EA0234502588
B1252354631375N00701986EA0234502587
B1252364631380N00701992EA0234402585
B1252374631386N00701998EA0234302584
B1252384631391N00702004EA0234102582
B1252394631397N00702010EA0233902580
B1252404631403N00702016EA0233802578
B1252414631409N00702022EA0233702576
B1252424631415N00702028EA0233602574
B1252434631421N00702034EA0233502572
B1252444631427N00702039EA0233502571
B1252454631432N00702043EA0233502570
B1252464631437N00702048EA0233402569
B1252474631443N00702053EA0233302568
B1252484631448N00702058EA0233202565
B1252494631454N00702062EA0233102564
B1252504631459N00702067EA0233102562
B1252514631465N00702071EA0233102561
B1252524631471N00702076EA0233102560
B1252534631476N00702081EA0233002559
B1252544631482N00702086EA0232902558
LXSB bat: 82% (3564)
LXSB temp: 21 43%
B1252554631487N00702092EA0232802557
B1252564631493N00702098EA0232602555
B1252574631498N00702104EA0232602554
B1252584631504N00702110EA0232602553
B1252594631509N00702116EA0232602552
B1253004631514N00702122EA0232702552
B1253014631519N00702127EA0232602552
B1253024631523N00702132EA0232502551
B1253034631528N00702137EA0232502550
B1253044631534N00702142EA0232502549
B1253054631539N00702148EA0232502549
B1253064631544N00702153EA0232502549
B1253074631549N00702158EA0232402548
B1253084631554N00702163EA0232202547
B1253094631560N00702168EA0232102546
B1253104631566N00702173EA0232102546
B1253114631571N00702178EA0232002546
B1253124631576N00702183EA0232002545
B1253134631582N00702188EA0231902545
B1253144631587N00702193EA0231802544
B1253154631593N00702197EA0231702544
B1253164631598N00702202EA0231702543
B1253174631604N00702206EA0231602542
B1253184631609N00702210EA0231502542
B1253194631615N00702215EA0231402541
B1253204631620N00702220EA0231402540
B1253214631625N00702225EA0231302540
B1253224631631N00702229EA0231202540
B1253234631636N00702233EA0231102539
B1253244631642N00702238EA0231102538
B1253254631647N00702244EA0231002537
B1253264631652N00702250EA0231002537
B1253274631656N00702256EA0231002536
B1253284631661N00702262EA0231002536
B1253294631667N00702267EA0231002536
B1253304631672N00702272EA0230902536
B1253314631677N00702276EA0230802535
B1253324631683N00702281EA0230702534
B1253334631688N00702286EA0230702533
B1253344631694N00702291EA0230702533
B1253354631700N00702296EA0230702532
B1253364631705N00702301EA0230602532
B1253374631710N00702307EA0230602532
B1253384631714N00702313EA0230502531
B1253394631719N00702319EA0230502531
B1253404631724N00702325EA0230402531
B1253414631728N00702331EA0230402530
B1253424631733N00702337EA0230202530
B1253444631741N00702351EA0230002529
B1253454631746N00702357EA0229902528
B1253464631750N00702364EA0229902527
B1253474631755N00702371EA0230002526
B1253484631759N00702377EA0230002527
B1253494631762N00702384EA0229902527
B1253504631764N00702391EA0229802525
B1253514631768N00702398EA0229702524
B1253524631771N00702406EA0229702524
B1253534631775N00702415EA0229902523
B1253544631778N00702422EA0230002523
B1253554631781N00702429EA0230202524
B1253564631784N00702435EA0230302524
B1253574631788N00702441EA0230302524
B1253584631792N00702448EA0230502525
B1253594631797N00702455EA0231002526
B1254004631801N00702462EA0231302528
B1254014631804N00702468EA0231602531
B1254024631808N00702473EA0231802533
B1254034631811N00702478EA0231902535
B1254044631815N00702483EA0232002536
B1254054631818N00702490EA0232202537
B1254064631822N00702497EA0232402539
B1254074631825N00702505EA0232702542
B1254084631829N00702513EA0233002545
B1254094631832N00702519EA0233202548
B1254104631836N00702523EA0233202550
B1254114631842N00702525EA0233202551
B1254124631848N00702526EA0233102551
B1254134631855N00702524EA0233202552
B1254144631861N00702521EA0233402553
B1254154631866N00702516EA0233402554
B1254164631869N00702509EA0233502555
B1254174631870N00702502EA0233702557
B1254184631870N00702496EA0233902559
B1254194631869N00702491EA0234002560
B1254204631867N00702487EA0234102562
B1254214631864N00702484EA0234202562
B1254224631860N00702483EA0234302563
B1254234631855N00702483EA0234502565
B1254244631851N00702484EA0234702566
B1254254631846N00702485EA0234902568
B1254264631843N00702488EA0235102571
B1254274631839N00702492EA0235302572
B1254284631836N00702496EA0235502574
B1254294631833N00702501EA0235702576
B1254304631831N00702505EA0235902578
B1254314631828N00702510EA0236002580
B1254324631826N00702516EA0236102581
B1254334631826N00702524EA0236202583
B1254344631826N00702533EA0236402585
B1254354631828N00702542EA0236702588
B1254364631830N00702549EA0236802590
B1254374631833N00702556EA0237002592
B1254384631836N00702562EA0237102593
B1254394631841N00702566EA0237002593
B1254404631848N00702569EA0237002593
B1254414631854N00702569EA0237102594
B1254424631860N00702568EA0237002594
B1254434631865N00702565EA0237002595
B1254444631869N00702561EA0237002595
B1254454631873N00702556EA0236902595
B1254464631876N00702550EA0236902596
B1254474631878N00702543EA0237002597
B1254484631879N00702537EA0237002597
B1254494631879N00702531EA0236902598
B1254504631879N00702526EA0237002598
B1254514631878N00702520EA0237102599
B1254524631876N00702515EA0237302600
B1254534631873N00702511EA0237402601
B1254544631870N00702508EA0237502603
B1254554631867N00702506EA0237702604
B1254564631864N00702504EA0237902606
B1254574631860N00702503EA0238002608
B1254584631857N00702502EA0238202610
B1254594631854N00702501EA0238202611
B1255004631851N00702501EA0238202612
B1255014631848N00702501EA0238102613
B1255024631845N00702503EA0238202614
B1255034631842N00702506EA0238302615
B1255044631838N00702510EA0238402615
B1255054631835N00702515EA0238502616
B1255064631833N00702521EA0238602617
B1255074631831N00702527EA0238702618
B1255084631830N00702535EA0238802619
B1255094631830N00702543EA0239002621
B1255104631830N00702552EA0239102623
B1255114631832N00702560EA0239202625
B1255124631835N00702568EA0239402626
B1255134631839N00702576EA0239502626
B1255144631845N00702581EA0239702628
B1255154631850N00702584EA0239602629
B1255164631855N00702584EA0239702630
B1255174631859N00702582EA0239802630
B1255184631863N00702579EA0239902631
B1255194631864N00702574EA0240102632
B1255204631864N00702569EA0240202633
B1255214631863N00702566EA0240402635
B1255224631859N00702563EA0240502636
B1255234631855N00702561EA0240702638
B1255244631851N00702560EA0240702640
B1255254631847N00702561EA0240802642
B1255264631842N00702564EA0240802643
B1255274631839N00702570EA0241002645
B1255284631835N00702576EA0241102647
B1255294631833N00702584EA0241302648
B1255304631831N00702592EA0241502650
B1255314631830N00702600EA0241702652
B1255334631833N00702616EA0241802654
B1255344631836N00702622EA0241802656
B1255354631841N00702626EA0241802657
B1255364631846N00702628EA0241902658
B1255374631851N00702626EA0241902658
B1255384631855N00702623EA0241902659
B1255394631858N00702618EA0242002659
B1255404631859N00702612EA0242202660
B1255414631860N00702606EA0242302661
B1255424631859N00702601EA0242502663
B1255434631858N00702595EA0242702665
B1255444631857N00702591EA0242702665
B1255454631854N00702587EA0242802665
B1255464631850N00702584EA0242902666
B1255474631846N00702583EA0243102667
B1255484631842N00702583EA0243302668
B1255494631837N00702585EA0243402670
B1255504631833N00702588EA0243602671
B1255514631829N00702593EA0243802673
B1255524631826N00702599EA0243902675
B1255534631823N00702605EA0244002675
B1255544631822N00702612EA0244002676
B1255554631821N00702620EA0244002677
B1255564631822N00702628EA0244002677
B1255574631824N00702636EA0244002678
B1255584631827N00702642EA0243902678
B1255594631832N00702648EA0243902678
B1256004631837N00702651EA0244102679
B1256014631843N00702652EA0244202681
B1256024631847N00702653EA0244302682
B1256034631852N00702654EA0244402684
B1256044631856N00702655EA0244402684
B1256054631861N00702655EA0244402684
B1256064631866N00702654EA0244302684
B1256074631871N00702652EA0244302685
B1256084631876N00702650EA0244302685
B1256094631880N00702646EA0244302685
B1256104631884N00702642EA0244302685
B1256114631888N00702637EA0244402686
B1256124631892N00702632EA0244502686
B1256134631894N00702626EA0244602687
B1256144631896N00702620EA0244602688
B1256154631897N00702614EA0244702688
B1256164631898N00702608EA0244702689
B1256174631898N00702603EA0244802691
B1256184631897N00702597EA0244802691
B1256194631895N00702593EA0244902691
B1256204631893N00702589EA0244802691
B1256214631890N00702586EA0244902691
B1256224631886N00702585EA0245002691
B1256234631882N00702585EA0245102691
B1256244631878N00702586EA0245202692
B1256254631874N00702588EA0245402692
B1256264631870N00702591EA0245502693
B1256274631867N00702594EA0245602694
B1256284631864N00702598EA0245802696
B1256294631861N00702602EA0245902697
B1256304631858N00702607EA0246002698
B1256314631855N00702613EA0246002699
B1256324631852N00702617EA0246102700
B1256334631850N00702621EA0246102700
B1256344631848N00702626EA0246102701
B1256354631846N00702632EA0246002701
B1256364631845N00702639EA0245902701
B1256374631844N00702647EA0245802701
B1256384631844N00702655EA0245802701
B1256394631844N00702663EA0245702701
B1256404631845N00702672EA0245502701
B1256414631847N00702681EA0245302700
B1256424631849N00702689EA0245102698
B1256434631852N00702698EA0244902696
B1256444631854N00702708EA0244802695
B1256454631857N00702718EA0244802694
B1256464631860N00702727EA0244702694
B1256474631863N00702735EA0244602693
B1256484631867N00702743EA0244502692
B1256494631871N00702751EA0244402689
B1256504631876N00702759EA0244302688
B1256514631880N00702767EA0244202686
B1256524631885N00702775EA0244202685
B1256534631888N00702783EA0244102683
B1256544631892N00702791EA0244002682
B1256554631896N00702799EA0243802680
B1256564631901N00702806EA0243702677
B1256574631907N00702814EA0243502675
B1256584631913N00702821EA0243402674
B1256594631918N00702828EA0243302673
B1257004631923N00702835EA0243102672
B1257014631928N00702842EA0242802670
B1257024631933N00702849EA0242402668
B1257034631938N00702855EA0242102672
B1257044631944N00702863EA0241802669
B1257054631950N00702871EA0241602666
B1257064631955N00702879EA0241502664
B1257074631960N00702888EA0241402663
B1257084631965N00702896EA0241302662
B1257094631970N00702902EA0241102661
B1257104631975N00702907EA0240802659
B1257114631980N00702912EA0240602657
B1257124631985N00702918EA0240302654
B1257134631989N00702923EA0240002652
B1257144631995N00702930EA0239702655
B1257154632000N00702936EA0239502653
B1257164632005N00702942EA0239202650
B1257174632010N00702949EA0238902647
B1257184632015N00702956EA0238802644
B1257194632019N00702963EA0238602642
B1257204632024N00702970EA0238402639
B1257214632028N00702978EA0238302637
B1257224632033N00702985EA0238002635
B1257234632038N00702992EA0237902633
B1257244632042N00702999EA0237602630
B1257254632046N00703006EA0237502628
B1257264632050N00703013EA0237502626
B1257274632054N00703020EA0237402624
B1257284632058N00703026EA0237202623
B1257294632062N00703032EA0237002620
B1257304632066N00703039EA0236802618
B1257314632070N00703046EA0236602616
B1257324632074N00703053EA0236402614
B1257334632079N00703060EA0236102611
B1257344632083N00703068EA0235802609
B1257354632087N00703076EA0235602606
B1257364632091N00703084EA0235402604
B1257374632095N00703093EA0235302601
B1257384632099N00703101EA0235202599
B1257394632103N00703109EA0235202597
B1257404632107N00703118EA0235102596
B1257414632111N00703125EA0235102594
B1257424632115N00703131EA0235002593
B1257434632119N00703138EA0234902591
B1257444632123N00703144EA0234802589
B1257454632127N00703150EA0234602587
B1257464632130N00703156EA0234502585
B1257474632134N00703163EA0234402584
B1257484632138N00703170EA0234202582
B1257494632142N00703176EA0234102580
B1257504632146N00703183EA0234002578
B1257514632150N00703190EA0233902575
B1257524632154N00703196EA0233702573
B1257534632158N00703203EA0233602571
B1257544632163N00703209EA0233402569
B1257554632168N00703214EA0233302567
B1257564632172N00703220EA0233202565
B1257584632181N00703231EA0233102563
B1257594632186N00703237EA0232902562
B1258004632191N00703242EA0232802560
B1258014632196N00703248EA0232702558
LXSB bat: 80% (3556)
LXSB temp: 23 41%
B1258024632200N00703253EA0232502557
B1258034632205N00703258EA0232402555
B1258044632210N00703264EA0232202553
B1258054632216N00703269EA0232002551
B1258064632221N00703274EA0231902556
B1258074632226N00703279EA0231702553
B1258084632231N00703284EA0231502549
B1258094632236N00703289EA0231302547
B1258104632242N00703294EA0231102545
B1258114632247N00703300EA0230902542
B1258124632253N00703305EA0230702540
B1258134632259N00703310EA0230502537
B1258144632265N00703316EA0230302535
B1258154632271N00703321EA0230102532
B1258164632277N00703327EA0230002531
B1258174632282N00703332EA0229902529
B1258184632287N00703338EA0229702528
B1258194632293N00703343EA0229402526
B1258204632298N00703350EA0229202524
B1258214632304N00703356EA0229002522
B1258224632309N00703363EA0228902520
B1258234632314N00703369EA0228802518
B1258244632319N00703376EA0228602516
B1258254632324N00703382EA0228502514
B1258264632329N00703388EA0228202512
B1258274632334N00703395EA0228002510
B1258284632339N00703403EA0227902507
B1258294632344N00703410EA0227802506
B1258304632348N00703417EA0227702505
B1258314632352N00703424EA0227602504
B1258324632356N00703431EA0227502503
B1258334632360N00703438EA0227302501
B1258344632364N00703445EA0227002500
B1258354632369N00703452EA0226802498
B1258364632373N00703459EA0226602496
B1258374632378N00703467EA0226502495
B1258384632381N00703474EA0226302493
B1258394632385N00703482EA0226002494
B1258404632389N00703489EA0225802492
B1258414632393N00703496EA0225502489
B1258424632397N00703504EA0225302486
B1258434632400N00703513EA0225102484
B1258444632403N00703521EA0225102483
B1258454632406N00703529EA0225002481
B1258464632409N00703537EA0224802479
B1258474632412N00703544EA0224602477
B1258484632416N00703552EA0224402474
B1258494632419N00703560EA0224202471
B1258504632422N00703569EA0224102469
B1258514632426N00703577EA0224002468
B1258524632429N00703585EA0223902466
B1258534632433N00703592EA0223802465
B1258544632437N00703599EA0223602463
B1258554632440N00703607EA0223402461
B1258564632444N00703614EA0223302459
B1258574632448N00703621EA0223202457
B1258584632452N00703629EA0223102456
B1258594632456N00703636EA0222902455
B1259004632459N00703644EA0222802453
B1259014632463N00703652EA0222602451
B1259024632467N00703659EA0222502449
B1259034632472N00703667EA0222302448
B1259044632476N00703674EA0222302447
B1259054632481N00703682EA0222202447
B1259064632485N00703689EA0222202446
B1259074632489N00703697EA0222102446
B1259084632493N00703704EA0222002445
B1259094632497N00703711EA0221902444
B1259104632502N00703718EA0221702443
B1259114632506N00703724EA0221602441
B1259124632511N00703731EA0221502439
B1259134632516N00703738EA0221502439
B1259144632521N00703744EA0221502439
B1259154632526N00703749EA0221502439
B1259164632530N00703755EA0221302439
B1259174632534N00703761EA0221202438
B1259184632539N00703767EA0221102437
B1259194632544N00703773EA0221102437
B1259204632549N00703780EA0221002436
B1259214632553N00703786EA0221002435
B1259224632558N00703792EA0220902434
B1259234632562N00703799EA0220802433
B1259244632567N00703805EA0220702432
B1259254632571N00703811EA0220502430
B1259264632576N00703818EA0220302429
B1259274632580N00703825EA0220302427
B1259284632585N00703831EA0220202426
B1259294632589N00703837EA0220102425
B1259304632593N00703844EA0220002424
B1259314632597N00703850EA0219802423
B1259324632601N00703858EA0219702422
B1259334632605N00703866EA0219602421
B1259344632609N00703873EA0219402419
B1259354632613N00703880EA0219402418
B1259364632618N00703886EA0219202417
B1259374632623N00703892EA0219202416
B1259384632627N00703898EA0219102415
B1259394632631N00703905EA0219002415
B1259404632635N00703911EA0218902414
B1259414632639N00703918EA0218802413
B1259424632643N00703925EA0218702411
B1259434632647N00703931EA0218602411
B1259444632651N00703938EA0218602410
B1259454632655N00703945EA0218502409
B1259464632659N00703951EA0218302408
B1259474632663N00703958EA0218202407
B1259484632668N00703964EA0218002405
B1259494632672N00703971EA0217902403
B1259504632677N00703977EA0217802401
B1259514632682N00703984EA0217802400
B1259524632687N00703991EA0217702399
B1259534632691N00703997EA0217502398
B1259544632696N00704004EA0217302397
B1259554632700N00704010EA0217102396
B1259564632705N00704017EA0217002395
B1259574632710N00704024EA0216902393
B1259584632715N00704031EA0216902392
B1259594632720N00704038EA0216802392
B1300004632724N00704045EA0216802392
B1300014632728N00704050EA0216602391
B1300024632733N00704056EA0216502389
B1300034632737N00704062EA0216302387
B1300044632742N00704069EA0216302385
B1300054632746N00704076EA0216302384
B1300064632751N00704083EA0216202383
B1300084632759N00704096EA0216102382
B1300094632763N00704102EA0215902381
B1300104632767N00704109EA0215702380
B1300114632772N00704116EA0215702378
B1300124632776N00704123EA0215602375
B1300134632780N00704130EA0215602375
B1300144632784N00704136EA0215502374
B1300154632788N00704143EA0215402373
B1300164632792N00704150EA0215202371
B1300174632796N00704157EA0215102370
B1300184632800N00704164EA0215002369
B1300194632804N00704171EA0215002368
B1300204632808N00704178EA0214902367
B1300214632812N00704185EA0214902366
B1300224632816N00704193EA0214802366
B1300234632819N00704200EA0214702365
B1300244632823N00704207EA0214602364
B1300254632827N00704214EA0214502363
B1300264632831N00704220EA0214402362
B1300274632836N00704227EA0214302361
B1300284632840N00704234EA0214202360
B1300294632845N00704240EA0214102359
B1300304632850N00704246EA0214002358
B1300314632854N00704253EA0213902357
B1300324632858N00704259EA0213802356
B1300334632863N00704266EA0213802356
B1300344632868N00704272EA0213802356
B1300354632872N00704279EA0213802356
B1300364632876N00704285EA0213902357
B1300374632880N00704291EA0213802356
B1300384632884N00704297EA0213602355
B1300394632887N00704304EA0213502355
B1300404632891N00704311EA0213302353
B1300414632895N00704318EA0213202352
B1300424632899N00704325EA0213102351
B1300434632903N00704331EA0213102350
B1300444632907N00704337EA0213002349
B1300454632911N00704343EA0212802348
B1300464632915N00704350EA0212702347
B1300474632920N00704356EA0212602346
B1300484632924N00704363EA0212502345
B1300494632928N00704370EA0212502344
B1300504632932N00704376EA0212402343
B1300514632937N00704383EA0212302342
B1300524632941N00704389EA0212102340
B1300534632945N00704396EA0212002339
B1300544632950N00704403EA0211902338
B1300554632954N00704411EA0211902336
B1300564632958N00704418EA0211702335
B1300574632962N00704425EA0211602334
B1300584632966N00704433EA0211402333
B1300594632970N00704440EA0211302332
B1301004632974N00704447EA0211202330
B1301014632979N00704454EA0211202329
B1301024632983N00704461EA0211002327
B1301034632988N00704468EA0210802326
B1301044632992N00704475EA0210702324
B1301054632997N00704482EA0210602323
B1301064633001N00704489EA0210502322
B1301074633005N00704495EA0210402321
B1301084633009N00704502EA0210302320
B1301094633014N00704509EA0210102318
B1301104633018N00704515EA0210002317
B1301114633023N00704522EA0209902316
B1301124633027N00704529EA0209902316
B1301134633032N00704536EA0209802315
B1301144633036N00704542EA0209702314
B1301154633040N00704548EA0209502313
B1301164633044N00704555EA0209402312
B1301174633049N00704562EA0209302310
B1301184633053N00704569EA0209202309
B1301194633057N00704576EA0209102308
B1301204633061N00704583EA0209002307
B1301214633065N00704589EA0208902306
B1301224633069N00704596EA0208702305
B1301234633074N00704602EA0208602303
B1301244633078N00704609EA0208602302
B1301254633082N00704615EA0208502301
B1301264633087N00704622EA0208402300
B1301274633091N00704628EA0208302299
B1301284633095N00704635EA0208202298
B1301294633099N00704641EA0208002296
B1301304633103N00704648EA0207902295
B1301314633108N00704655EA0207802293
B1301324633112N00704662EA0207702292
B1301334633116N00704669EA0207602291
B1301344633120N00704677EA0207502290
B1301354633124N00704684EA0207402289
B1301364633127N00704691EA0207202287
B1301374633131N00704699EA0207102285
B1301384633135N00704706EA0207002284
B1301394633139N00704714EA0206902283
B1301404633143N00704721EA0206902281
B1301414633147N00704729EA0206702280
B1301424633151N00704736EA0206602279
B1301434633155N00704743EA0206402278
B1301444633159N00704750EA0206302276
B1301454633163N00704757EA0206202275
B1301464633168N00704764EA0206102274
B1301474633172N00704772EA0206002273
B1301484633175N00704779EA0205902272
B1301494633179N00704786EA0205802271
B1301504633183N00704793EA0205702270
B1301514633186N00704801EA0205502268
B1301524633190N00704808EA0205502267
B1301534633194N00704816EA0205302266
B1301544633197N00704824EA0205202265
B1301554633201N00704831EA0205102263
B1301564633204N00704838EA0204902262
B1301574633208N00704845EA0204802261
B1301584633211N00704852EA0204702259
B1301594633214N00704860EA0204602258
B1302004633217N00704867EA0204502257
B1302014633220N00704875EA0204402256
B1302024633223N00704882EA0204302256
B1302034633226N00704890EA0204202255
B1302044633229N00704897EA0204102254
B1302054633232N00704905EA0204002252
B1302064633235N00704912EA0203802251
B1302074633238N00704920EA0203702249
B1302084633241N00704927EA0203502248
B1302094633244N00704934EA0203402247
B1302104633248N00704941EA0203402246
B1302114633251N00704949EA0203302245
B1302124633254N00704956EA0203202244
B1302134633257N00704963EA0203002243
B1302144633260N00704970EA0203002242
B1302154633264N00704976EA0202802241
B1302164633267N00704983EA0202702240
B1302174633270N00704990EA0202602239
B1302184633274N00704997EA0202502238
B1302194633277N00705004EA0202402237
B1302204633281N00705011EA0202302236
B1302214633284N00705018EA0202202235
B1302224633288N00705025EA0202102234
B1302234633292N00705031EA0202002232
B1302244633296N00705038EA0201902231
B1302254633300N00705045EA0201802230
B1302264633304N00705051EA0201702229
B1302274633308N00705057EA0201602228
B1302284633312N00705064EA0201502227
B1302294633316N00705070EA0201402226
B1302304633319N00705076EA0201302225
B1302314633323N00705082EA0201202223
B1302324633327N00705089EA0201102222
B1302334633330N00705096EA0201002221
B1302344633334N00705102EA0200902220
B1302354633337N00705109EA0200802219
B1302364633340N00705115EA0200602218
B1302374633343N00705122EA0200502217
B1302384633346N00705129EA0200402216
B1302394633349N00705136EA0200202214
B1302404633352N00705143EA0200002213
B1302414633355N00705149EA0199902211
B1302424633358N00705156EA0199702210
B1302444633363N00705170EA0199602208
B1302454633366N00705178EA0199502206
B1302464633368N00705185EA0199302205
B1302474633371N00705192EA0199202203
B1302484633374N00705200EA0199102202
B1302494633376N00705207EA0199002200
B1302504633379N00705214EA0198802199
B1302514633381N00705222EA0198602197
B1302524633384N00705229EA0198502196
B1302534633386N00705237EA0198402194
B1302544633389N00705244EA0198202193
B1302554633392N00705252EA0198102190
B1302564633394N00705259EA0197902188
B1302574633397N00705266EA0197802187
B1302584633400N00705272EA0197602185
B1302594633403N00705279EA0197502183
B1303004633406N00705286EA0197302182
B1303014633408N00705292EA0197102180
B1303024633411N00705299EA0197002179
B1303034633414N00705306EA0196902177
B1303044633417N00705313EA0196802176
B1303054633420N00705321EA0196602174
B1303064633423N00705328EA0196402172
LXSB bat: 80% (3552)
LXSB temp: 25 39%
B1303074633426N00705335EA0196202170
B1303084633429N00705343EA0196102168
B1303094633432N00705350EA0195902167
B1303104633435N00705358EA0195802165
B1303114633438N00705365EA0195802164
B1303124633440N00705373EA0195602162
B1303134633443N00705380EA0195502161
B1303144633446N00705387EA0195302159
B1303154633448N00705394EA0195102156
B1303164633451N00705401EA0195002155
B1303174633453N00705409EA0194902153
B1303184633456N00705417EA0194802152
B1303194633458N00705425EA0194702151
B1303204633460N00705432EA0194502150
B1303214633463N00705440EA0194302148
B1303224633465N00705448EA0194102147
B1303234633467N00705456EA0194002145
B1303244633469N00705464EA0193902144
B1303254633471N00705471EA0193702142
B1303264633474N00705479EA0193602141
B1303274633476N00705486EA0193502139
B1303284633478N00705494EA0193302137
B1303294633480N00705501EA0193102136
B1303304633482N00705509EA0193002134
B1303314633484N00705517EA0192902133
B1303324633486N00705525EA0192702132
B1303334633489N00705532EA0192602130
B1303344633491N00705540EA0192502129
B1303354633493N00705547EA0192302128
B1303364633496N00705555EA0192202127
B1303374633498N00705563EA0192102125
B1303384633500N00705571EA0192002124
B1303394633503N00705578EA0191902123
B1303404633505N00705586EA0191702122
B1303414633508N00705594EA0191602120
B1303424633510N00705602EA0191402119
B1303434633513N00705609EA0191302118
B1303444633515N00705617EA0191202116
B1303454633518N00705625EA0191102115
B1303464633520N00705633EA0191002114
B1303474633523N00705641EA0190802113
B1303484633525N00705648EA0190702112
B1303494633527N00705656EA0190602110
B1303504633529N00705664EA0190502109
B1303514633532N00705671EA0190402108
B1303524633534N00705679EA0190302106
B1303534633537N00705686EA0190102105
B1303544633539N00705694EA0190002103
B1303554633542N00705701EA0189902102
B1303564633544N00705708EA0189802101
B1303574633546N00705716EA0189702100
B1303584633549N00705723EA0189602099
B1303594633552N00705730EA0189402099
B1304004633554N00705738EA0189302097
B1304014633557N00705745EA0189102096
B1304024633560N00705753EA0189002095
B1304034633562N00705760EA0188902094
B1304044633565N00705768EA0188802093
B1304054633567N00705775EA0188702092
B1304064633570N00705783EA0188602091
B1304074633573N00705790EA0188502090
B1304084633576N00705798EA0188402088
B1304094633578N00705806EA0188202087
B1304104633581N00705813EA0188202086
B1304114633584N00705820EA0188102085
B1304124633587N00705827EA0187902084
B1304134633589N00705834EA0187802083
B1304144633592N00705842EA0187702082
B1304154633595N00705849EA0187602081
B1304164633597N00705857EA0187502080
B1304174633600N00705864EA0187402079
B1304184633602N00705872EA0187302078
B1304194633604N00705879EA0187102077
B1304204633607N00705887EA0187002076
B1304214633609N00705894EA0186902074
B1304224633612N00705902EA0186702073
B1304234633614N00705909EA0186602071
B1304244633617N00705917EA0186402070
B1304254633619N00705925EA0186202068
B1304264633622N00705932EA0186102067
B1304274633624N00705940EA0186002065
B1304284633626N00705948EA0185802063
B1304294633628N00705956EA0185702061
B1304304633630N00705963EA0185602060
B1304314633632N00705971EA0185402058
B1304324633634N00705978EA0185302057
B1304334633636N00705986EA0185202055
B1304344633638N00705994EA0185102054
B1304354633640N00706001EA0184902053
B1304364633642N00706008EA0184802051
B1304374633644N00706016EA0184702050
B1304384633646N00706023EA0184502048
B1304394633648N00706031EA0184402047
B1304404633650N00706039EA0184302046
B1304414633651N00706046EA0184202045
B1304424633654N00706053EA0184002044
B1304434633656N00706061EA0183902043
B1304444633658N00706068EA0183802041
B1304454633660N00706075EA0183702040
B1304464633662N00706082EA0183602038
B1304474633664N00706090EA0183502037
B1304484633666N00706097EA0183302036
B1304494633668N00706104EA0183102034
B1304504633670N00706112EA0183002033
B1304514633672N00706119EA0182902031
B1304524633674N00706127EA0182802030
B1304534633677N00706134EA0182702029
B1304544633679N00706141EA0182602028
B1304554633681N00706148EA0182402027
B1304564633683N00706155EA0182202025
B1304574633685N00706162EA0182102023
B1304584633687N00706169EA0181902021
B1304594633690N00706177EA0181802020
B1305004633692N00706184EA0181802019
B1305014633694N00706192EA0181602017
B1305024633696N00706199EA0181502016
B1305034633698N00706206EA0181302015
B1305044633700N00706213EA0181202013
B1305054633702N00706221EA0181102012
B1305064633704N00706228EA0181002010
B1305074633706N00706236EA0180902009
B1305084633708N00706243EA0180802008
B1305094633710N00706249EA0180702007
B1305104633713N00706256EA0180502005
B1305114633715N00706262EA0180302003
B1305134633720N00706276EA0180202001
B1305144633723N00706284EA0180102000
B1305154633725N00706290EA0180001998
B1305164633728N00706297EA0179801997
B1305174633731N00706304EA0179701994
B1305184633734N00706311EA0179501992
B1305194633736N00706318EA0179401991
B1305204633739N00706325EA0179301989
B1305214633742N00706332EA0179001988
B1305224633745N00706338EA0178801987
B1305234633749N00706345EA0178701985
B1305244633752N00706352EA0178601984
B1305254633755N00706358EA0178501982
B1305264633758N00706365EA0178301981
B1305274633761N00706371EA0178201980
B1305284633764N00706378EA0178101978
B1305294633767N00706384EA0177901977
B1305304633770N00706390EA0177801975
B1305314633773N00706396EA0177801974
B1305324633776N00706402EA0177601972
B1305334633779N00706408EA0177501971
B1305344633782N00706414EA0177301969
B1305354633785N00706420EA0177201967
B1305364633788N00706426EA0177001966
B1305374633791N00706432EA0176901965
B1305384633794N00706438EA0176801963
B1305394633798N00706444EA0176601962
B1305404633801N00706450EA0176501961
B1305414633805N00706456EA0176401960
B1305424633809N00706462EA0176301959
B1305434633812N00706468EA0176101958
B1305444633815N00706474EA0176001956
B1305454633819N00706480EA0176001955
B1305464633822N00706486EA0175801954
B1305474633824N00706492EA0175701952
B1305484633827N00706498EA0175601951
B1305494633830N00706505EA0175501950
B1305504633832N00706512EA0175301948
B1305514633835N00706519EA0175201947
B1305524633837N00706526EA0175201946
B1305534633840N00706533EA0175101945
B1305544633842N00706540EA0175101945
B1305554633844N00706548EA0174901944
B1305564633846N00706555EA0174901943
B1305574633849N00706563EA0174801943
B1305584633851N00706570EA0174701942
B1305594633853N00706578EA0174701942
B1306004633855N00706585EA0174601941
B1306014633857N00706593EA0174501941
B1306024633859N00706601EA0174501940
B1306034633861N00706608EA0174401939
B1306044633862N00706616EA0174301938
B1306054633863N00706624EA0174201937
B1306064633864N00706631EA0174101936
B1306074633865N00706639EA0174001935
B1306084633867N00706647EA0173901934
B1306094633868N00706655EA0173801933
B1306104633869N00706664EA0173701932
B1306114633870N00706672EA0173701931
B1306124633870N00706680EA0173601930
B1306134633871N00706687EA0173501929
B1306144633872N00706695EA0173501928
B1306154633873N00706703EA0173401928
B1306164633874N00706711EA0173301927
B1306174633875N00706719EA0173301926
B1306184633876N00706726EA0173201925
B1306194633877N00706734EA0173101924
B1306204633878N00706741EA0173001923
B1306214633879N00706749EA0172901923
B1306224633880N00706756EA0172801921
B1306234633881N00706764EA0172701920
B1306244633882N00706772EA0172601920
B1306254633883N00706779EA0172501918
B1306264633884N00706787EA0172401917
B1306274633885N00706795EA0172401916
B1306284633886N00706803EA0172301915
B1306294633887N00706810EA0172201914
B1306304633888N00706818EA0172101914
B1306314633889N00706826EA0172101913
B1306324633890N00706834EA0172001912
B1306334633890N00706841EA0172001911
B1306344633891N00706850EA0171901911
B1306354633892N00706858EA0171801910
B1306364633893N00706865EA0171801910
B1306374633893N00706873EA0171601909
B1306384633894N00706881EA0171501908
B1306394633895N00706889EA0171301907
B1306404633896N00706897EA0171201905
B1306414633896N00706905EA0171201904
B1306424633897N00706913EA0171101903
B1306434633898N00706921EA0171001903
B1306444633899N00706928EA0170901902
B1306454633899N00706936EA0170801901
B1306464633900N00706943EA0170701900
B1306474633901N00706950EA0170601899
B1306484633902N00706958EA0170501898
B1306494633903N00706966EA0170501898
B1306504633904N00706973EA0170401897
B1306514633905N00706981EA0170301896
B1306524633906N00706988EA0170201896
B1306534633907N00706996EA0170101895
B1306544633908N00707003EA0170001894
B1306554633909N00707011EA0170001893
B1306564633910N00707019EA0169901892
B1306574633911N00707027EA0169801892
B1306584633911N00707035EA0169701891
B1306594633912N00707042EA0169701890
B1307004633912N00707050EA0169601889
B1307014633913N00707058EA0169501888
B1307024633914N00707066EA0169401888
B1307034633914N00707074EA0169401887
B1307044633915N00707082EA0169401886
B1307054633915N00707090EA0169301886
B1307064633915N00707098EA0169201884
B1307074633915N00707106EA0169101883
B1307084633915N00707113EA0169001883
B1307094633914N00707122EA0168901882
B1307104633914N00707129EA0168801881
B1307114633914N00707137EA0168701881
B1307124633914N00707145EA0168601880
B1307134633914N00707153EA0168601880
B1307144633913N00707160EA0168501879
B1307154633913N00707168EA0168401878
B1307164633912N00707175EA0168301877
B1307174633911N00707183EA0168201876
B1307184633911N00707190EA0168101874
B1307194633910N00707197EA0168001873
B1307204633910N00707205EA0167901872
B1307214633909N00707213EA0167801871
B1307224633909N00707221EA0167701869
B1307234633908N00707229EA0167601868
B1307244633906N00707237EA0167501867
B1307254633905N00707244EA0167401865
B1307264633904N00707252EA0167301864
B1307274633903N00707260EA0167301863
B1307284633903N00707268EA0167101862
B1307294633903N00707276EA0167101862
B1307304633903N00707284EA0167001861
B1307314633903N00707292EA0166801860
B1307324633904N00707300EA0166801858
B1307334633905N00707308EA0166701857
B1307344633905N00707316EA0166601856
B1307354633906N00707324EA0166501855
B1307364633906N00707332EA0166401853
B1307374633907N00707340EA0166301852
B1307384633908N00707348EA0166201851
B1307394633909N00707356EA0166201850
B1307404633910N00707363EA0166101849
B1307414633911N00707371EA0166001848
B1307424633912N00707379EA0165801848
B1307434633912N00707386EA0165701847
B1307444633913N00707394EA0165601846
B1307454633914N00707401EA0165401845
B1307464633915N00707409EA0165301844
B1307474633917N00707417EA0165201843
B1307484633918N00707425EA0165101842
B1307494633918N00707433EA0165001841
B1307504633919N00707441EA0164901841
B1307514633919N00707448EA0164701839
B1307524633919N00707456EA0164601838
B1307534633920N00707464EA0164501837
B1307544633920N00707473EA0164401836
B1307554633920N00707481EA0164301835
B1307564633920N00707490EA0164301833
B1307574633920N00707498EA0164301832
B1307594633920N00707514EA0164201831
B1308004633920N00707523EA0164101831
B1308014633921N00707532EA0164001830
B1308024633921N00707540EA0164001829
B1308034633921N00707548EA0163901828
B1308044633921N00707556EA0163801827
B1308054633922N00707564EA0163701826
B1308064633922N00707572EA0163701824
B1308074633922N00707581EA0163801824
B1308084633922N00707588EA0163801823
B1308094633923N00707595EA0163701823
LXSB bat: 79% (3551)
LXSB temp: 27 38%
B1308104633924N00707601EA0163601822
B1308114633926N00707608EA0163401820
B1308124633928N00707616EA0163301819
B1308134633929N00707624EA0163301818
B1308144633930N00707632EA0163301817
B1308154633931N00707639EA0163101817
B1308164633932N00707646EA0163001816
B1308174633933N00707653EA0162801815
B1308184633935N00707662EA0162801814
B1308194633936N00707670EA0162801814
B1308204633936N00707679EA0162901814
B1308214633937N00707686EA0163001814
B1308224633938N00707693EA0163101814
B1308234633939N00707700EA0163001814
B1308244633941N00707706EA0162901814
B1308254633942N00707713EA0162801814
B1308264633944N00707719EA0162801814
B1308274633946N00707726EA0162601813
B1308284633948N00707733EA0162501813
B1308294633949N00707741EA0162401812
B1308304633951N00707748EA0162201811
B1308314633952N00707756EA0162101810
B1308324633953N00707764EA0161901809
B1308334633953N00707772EA0161701808
B1308344633954N00707781EA0161601807
B1308354633954N00707789EA0161601805
B1308364633952N00707797EA0161501805
B1308374633950N00707804EA0161501804
B1308384633947N00707810EA0161501803
B1308394633943N00707814EA0161501802
B1308404633939N00707818EA0161501802
B1308414633934N00707822EA0161601802
B1308424633930N00707826EA0161601801
B1308434633925N00707829EA0161601801
B1308444633921N00707831EA0161601801
B1308454633915N00707833EA0161601800
B1308464633910N00707834EA0161601800
B1308474633904N00707834EA0161501800
B1308484633899N00707834EA0161601799
B1308494633894N00707835EA0161601799
B1308504633888N00707835EA0161501799
B1308514633883N00707837EA0161501799
B1308524633878N00707838EA0161401799
B1308534633872N00707838EA0161301798
B1308544633866N00707837EA0161301798
B1308554633861N00707837EA0161401798
B1308564633856N00707838EA0161501798
B1308574633851N00707839EA0161601799
B1308584633846N00707841EA0161701799
B1308594633841N00707844EA0161801800
B1309004633837N00707848EA0161801800
B1309014633833N00707852EA0161801801
B1309024633828N00707855EA0162001801
B1309034633823N00707858EA0162201802
B1309044633818N00707860EA0162301803
B1309054633814N00707863EA0162501804
B1309064633810N00707866EA0162601805
B1309074633806N00707869EA0162601806
B1309084633802N00707872EA0162701807
B1309094633798N00707875EA0162701808
B1309104633794N00707878EA0162801809
B1309114633790N00707881EA0162901810
B1309124633786N00707883EA0163001811
B1309134633781N00707885EA0163101812
B1309144633777N00707886EA0163101813
B1309154633772N00707887EA0163301814
B1309164633768N00707886EA0163401815
B1309174633764N00707885EA0163301816
B1309184633759N00707883EA0163301816
B1309194633754N00707882EA0163601816
B1309204633749N00707880EA0163801817
B1309214633744N00707877EA0164101818
B1309224633741N00707874EA0164301818
B1309234633738N00707872EA0164401821
B1309244633735N00707870EA0164401822
B1309254633731N00707867EA0164501823
B1309264633728N00707864EA0164601824
B1309274633725N00707860EA0164701825
B1309284633722N00707856EA0164701827
B1309294633721N00707851EA0164701827
B1309304633720N00707846EA0164701828
B1309314633720N00707841EA0164701829
B1309324633722N00707835EA0164701830
B1309334633723N00707830EA0164701830
B1309344633726N00707825EA0164701831
B1309354633730N00707821EA0164701831
B1309364633734N00707820EA0164901831
B1309374633740N00707821EA0165001832
B1309384633744N00707824EA0165101833
B1309394633748N00707829EA0165301833
B1309404633750N00707835EA0165401834
B1309414633751N00707842EA0165601834
B1309424633751N00707849EA0165601835
B1309434633751N00707856EA0165701836
B1309444633749N00707863EA0165901836
B1309454633747N00707870EA0166101837
B1309464633744N00707876EA0166201839
B1309474633741N00707881EA0166401841
B1309484633737N00707884EA0166401842
B1309494633733N00707884EA0166501842
B1309504633729N00707883EA0166601843
B1309514633726N00707880EA0166701843
B1309524633726N00707876EA0166801843
B1309534633726N00707871EA0166901844
B1309544633728N00707867EA0167101845
B1309554633730N00707864EA0167201847
B1309564633735N00707862EA0167401849
B1309574633739N00707862EA0167401851
B1309584633743N00707864EA0167401851
B1309594633747N00707868EA0167501852
B1310004633751N00707874EA0167601854
B1310014633754N00707882EA0167801854
B1310024633756N00707890EA0168001854
B1310034633756N00707898EA0168201855
B1310044633754N00707906EA0168301856
B1310054633751N00707912EA0168501858
B1310064633748N00707917EA0168601860
B1310074633744N00707919EA0168701861
B1310084633740N00707919EA0168901863
B1310094633737N00707917EA0169001865
B1310104633736N00707914EA0169101866
B1310114633736N00707910EA0169301868
B1310124633736N00707906EA0169501870
B1310134633738N00707902EA0169701872
B1310144633741N00707899EA0169801874
B1310154633744N00707897EA0169901876
B1310164633748N00707897EA0170001878
B1310174633753N00707898EA0170201881
B1310184633758N00707902EA0170501882
B1310194633762N00707907EA0170701884
B1310204633764N00707912EA0170901885
B1310214633766N00707918EA0171001886
B1310224633766N00707925EA0171101888
B1310234633766N00707932EA0171301889
B1310244633766N00707939EA0171401891
B1310254633764N00707946EA0171501893
B1310264633761N00707950EA0171701895
B1310274633758N00707953EA0171801898
B1310284633754N00707953EA0172101899
B1310294633750N00707951EA0172301902
B1310304633747N00707948EA0172501904
B1310314633745N00707945EA0172701906
B1310324633745N00707940EA0172701909
B1310334633747N00707936EA0172901911
B1310354633753N00707930EA0173101913
B1310364633757N00707928EA0173401915
B1310374633761N00707928EA0173601918
B1310384633766N00707930EA0173801921
B1310394633770N00707933EA0174001926
B1310404633773N00707936EA0174301926
B1310414633775N00707942EA0174501928
B1310424633777N00707949EA0174601930
B1310434633777N00707956EA0174801934
B1310444633776N00707963EA0174901935
B1310454633774N00707969EA0175101936
B1310464633770N00707974EA0175201937
B1310474633766N00707975EA0175401938
B1310484633762N00707975EA0175701940
B1310494633759N00707972EA0176001943
B1310504633757N00707967EA0176201945
B1310514633756N00707963EA0176501943
B1310524633757N00707958EA0176801946
B1310534633758N00707952EA0177101949
B1310544633759N00707947EA0177501947
B1310554633761N00707942EA0177801949
B1310564633764N00707938EA0178101952
B1310574633768N00707936EA0178301955
B1310584633772N00707937EA0178501958
B1310594633776N00707939EA0178601961
B1311004633780N00707945EA0178801962
B1311014633782N00707952EA0179001964
B1311024633782N00707962EA0179301965
B1311034633780N00707970EA0179701967
B1311044633778N00707977EA0180201968
B1311054633776N00707983EA0180601970
B1311064633773N00707987EA0181001973
B1311074633770N00707986EA0181401973
B1311084633767N00707983EA0181701975
B1311094633763N00707975EA0182001978
B1311104633761N00707966EA0182301981
B1311114633762N00707959EA0182601983
B1311124633764N00707953EA0183001986
B1311134633767N00707949EA0183301988
B1311144633771N00707948EA0183501992
B1311154633775N00707951EA0183801995
B1311164633778N00707956EA0184201997
B1311174633780N00707963EA0184601999
B1311184633780N00707970EA0185002000
B1311194633779N00707976EA0185402002
B1311204633776N00707980EA0185702004
B1311214633772N00707983EA0186102008
B1311224633768N00707984EA0186502012
B1311234633764N00707983EA0186902012
B1311244633761N00707980EA0187202015
B1311254633758N00707976EA0187502019
B1311264633756N00707969EA0187802022
B1311274633757N00707962EA0188102025
B1311284633759N00707957EA0188502029
B1311294633762N00707953EA0188802033
B1311304633766N00707951EA0189102037
B1311314633771N00707951EA0189202040
B1311324633776N00707953EA0189302044
B1311334633781N00707957EA0189702046
B1311344633785N00707962EA0190002048
B1311354633786N00707968EA0190302050
B1311364633787N00707975EA0190602053
B1311374633786N00707981EA0191002055
B1311384633784N00707987EA0191402057
B1311394633781N00707992EA0191802060
B1311404633778N00707995EA0192202060
B1311414633775N00707997EA0192602063
B1311424633771N00707996EA0193102066
B1311434633767N00707992EA0193502070
B1311444633765N00707986EA0193802073
B1311454633765N00707979EA0194102076
B1311464633767N00707975EA0194302080
B1311474633771N00707972EA0194602085
B1311484633777N00707970EA0194902089
B1311494633781N00707971EA0195202092
B1311504633786N00707975EA0195602094
B1311514633789N00707980EA0196102096
B1311524633790N00707986EA0196602099
B1311534633790N00707991EA0197002097
B1311544633789N00707996EA0197402099
B1311554633788N00707999EA0197802100
B1311564633784N00708002EA0198202102
B1311574633780N00708005EA0198602104
B1311594633771N00708007EA0199102107
B1312004633767N00708005EA0199502111
B1312014633764N00707999EA0199802119
B1312024633764N00707992EA0200202123
B1312034633764N00707985EA0200602122
B1312044633767N00707981EA0201002125
B1312054633770N00707977EA0201202128
B1312064633774N00707976EA0201502140
B1312074633779N00707977EA0201802146
B1312084633784N00707979EA0202102153
B1312094633788N00707983EA0202402156
B1312104633791N00707989EA0202802159
B1312114633793N00707994EA0203302157
B1312124633794N00708000EA0203802160
B1312134633793N00708006EA0204202160
B1312144633791N00708012EA0204702163
B1312154633788N00708016EA0205202166
B1312164633784N00708020EA0205602170
B1312174633781N00708022EA0206102175
B1312184633778N00708022EA0206402180
B1312194633776N00708019EA0206702185
B1312204633773N00708015EA0207002190
B1312214633771N00708009EA0207402195
B1312224633769N00708002EA0207802195
B1312234633768N00707996EA0208302198
B1312244633768N00707989EA0208602202
B1312254633769N00707984EA0208902205
B1312264633772N00707980EA0209202208
B1312274633775N00707976EA0209402212
B1312284633779N00707974EA0209602215
B1312294633783N00707973EA0209802219
B1312304633787N00707972EA0210102224
B1312314633791N00707971EA0210402229
B1312324633795N00707972EA0210602236
B1312334633799N00707974EA0210802239
B1312344633802N00707977EA0211102239
B1312354633806N00707982EA0211502242
B1312364633810N00707987EA0211802244
B1312374633812N00707993EA0212102248
B1312384633814N00707999EA0212502251
B1312394633813N00708005EA0212902254
B1312404633812N00708011EA0213102256
B1312414633809N00708016EA0213502259
B1312424633805N00708019EA0213802257
B1312434633801N00708021EA0214302260
B1312444633796N00708021EA0214802263
B1312454633793N00708019EA0215302266
B1312464633790N00708017EA0215702273
B1312474633787N00708014EA0216002280
B1312484633785N00708011EA0216302287
B1312494633782N00708007EA0216502292
B1312504633780N00708000EA0216702295
B1312514633780N00707993EA0217002299
B1312524633782N00707986EA0217202304
B1312534633785N00707979EA0217402307
B1312544633788N00707973EA0217802308
B1312554633792N00707969EA0218102315
B1312564633797N00707966EA0218402324
B1312574633802N00707965EA0218602334
B1312584633807N00707965EA0219002340
B1312594633811N00707967EA0219302346
B1313004633816N00707970EA0219602352
B1313014633818N00707975EA0219902350
B1313024633820N00707980EA0220202353
B1313034633820N00707986EA0220602356
B1313044633819N00707991EA0220802355
B1313054633816N00707996EA0221102357
B1313064633813N00708001EA0221402361
B1313074633808N00708005EA0221802369
B1313084633802N00708006EA0222302373
B1313094633798N00708006EA0222702379
B1313104633794N00708004EA0223002386
LXSB bat: 75% (3531)
LXSB temp: 27 38%
B1313114633791N00708000EA0223302392
B1313124633788N00707995EA0223602396
B1313134633786N00707990EA0223802401
B1313144633784N00707984EA0223902406
B1313154633783N00707977EA0224102409
B1313164633783N00707969EA0224302413
B1313174633784N00707962EA0224702413
B1313184633786N00707955EA0225102416
B1313194633788N00707948EA0225602421
B1313204633791N00707943EA0226002424
B1313214633793N00707939EA0226302422
B1313224633796N00707936EA0226702427
B1313234633800N00707933EA0227002432
B1313244633803N00707931EA0227402436
B1313254633807N00707930EA0227702441
B1313264633812N00707931EA0228002447
B1313274633815N00707934EA0228302454
B1313284633818N00707937EA0228602457
B1313294633821N00707942EA0228802461
B1313304633824N00707947EA0229202464
B1313314633825N00707954EA0229502467
B1313324633825N00707960EA0229902463
B1313334633824N00707967EA0230302466
B1313344633821N00707972EA0230602465
B1313354633817N00707977EA0230902470
B1313364633812N00707980EA0231102475
B1313374633808N00707978EA0231402481
B1313384633804N00707972EA0231602484
B1313394633802N00707964EA0231902489
B1313404633802N00707956EA0232302494
B1313414633803N00707948EA0232702495
B1313434633808N00707935EA0233102500
B1313444633811N00707931EA0233502507
B1313454633814N00707928EA0233702512
B1313464633818N00707927EA0233802518
B1313474633823N00707928EA0234002523
B1313484633826N00707931EA0234202527
B1313494633830N00707936EA0234602530
B1313504633831N00707941EA0234802535
B1313514633832N00707946EA0235102535
B1313524633831N00707951EA0235402539
B1313534633829N00707957EA0235702541
B1313544633826N00707963EA0236002544
B1313554633823N00707966EA0236302542
B1313564633819N00707969EA0236502546
B1313574633815N00707971EA0236802549
B1313584633811N00707973EA0237002552
B1313594633806N00707974EA0237302556
B1314004633801N00707974EA0237602562
B1314014633797N00707972EA0237902566
B1314024633792N00707968EA0238202570
B1314034633788N00707961EA0238602576
B1314044633786N00707953EA0239002580
B1314054633785N00707945EA0239302578
B1314064633787N00707938EA0239602582
B1314074633789N00707931EA0239902585
B1314084633792N00707925EA0240102589
B1314094633796N00707921EA0240302594
B1314104633801N00707920EA0240502597
B1314114633805N00707920EA0240602601
B1314124633808N00707923EA0240702603
B1314134633811N00707928EA0240902606
B1314144633812N00707933EA0241102609
B1314154633812N00707939EA0241302611
B1314164633812N00707945EA0241602613
B1314174633811N00707950EA0241902616
B1314184633809N00707953EA0242002619
B1314194633806N00707956EA0242202622
B1314204633802N00707958EA0242402626
B1314214633797N00707960EA0242702629
B1314224633791N00707961EA0243102628
B1314234633785N00707961EA0243502634
B1314244633780N00707959EA0243902639
B1314254633776N00707954EA0244302644
B1314264633772N00707949EA0244602649
B1314274633769N00707943EA0244902654
B1314284633767N00707936EA0245002657
B1314294633765N00707928EA0245202660
B1314304633764N00707918EA0245502662
B1314314633764N00707908EA0245802665
B1314324633766N00707901EA0246002664
B1314334633769N00707898EA0246102668
B1314344633773N00707896EA0246202670
B1314354633776N00707894EA0246202672
B1314364633780N00707890EA0246202674
B1314374633784N00707887EA0246202675
B1314384633788N00707886EA0246102676
B1314394633792N00707888EA0246002677
B1314404633794N00707894EA0246002677
B1314414633795N00707900EA0246002678
B1314424633795N00707907EA0246002678
B1314434633794N00707914EA0245902679
B1314444633792N00707921EA0246002679
B1314454633789N00707928EA0246302680
B1314464633785N00707934EA0246702683
B1314474633781N00707940EA0247102685
B1314484633777N00707945EA0247502689
B1314494633774N00707947EA0247702693
B1314504633769N00707950EA0248102696
B1314514633764N00707952EA0248402699
B1314524633758N00707954EA0248902702
B1314534633751N00707953EA0249302708
B1314544633746N00707949EA0249602712
B1314554633742N00707944EA0249902716
B1314564633738N00707938EA0250202720
B1314574633736N00707931EA0250502724
B1314584633736N00707923EA0250802727
B1314594633737N00707917EA0251002731
B1315004633740N00707915EA0251102734
B1315014633745N00707914EA0251302737
B1315024633749N00707915EA0251602740
B1315034633754N00707917EA0251802743
B1315044633758N00707921EA0252002746
B1315054633761N00707927EA0252402744
B1315064633763N00707935EA0252802745
B1315074633764N00707942EA0253102748
B1315084633763N00707948EA0253402751
B1315094633760N00707953EA0253702748
B1315104633756N00707958EA0254002751
B1315114633752N00707962EA0254402753
B1315124633747N00707966EA0254702756
B1315134633742N00707969EA0255102754
B1315144633736N00707972EA0255402757
B1315154633730N00707974EA0255802761
B1315164633724N00707973EA0256202765
B1315174633718N00707971EA0256602770
B1315184633714N00707967EA0257002774
B1315194633709N00707961EA0257302779
B1315204633706N00707954EA0257702783
B1315224633707N00707939EA0258002786
B1315234633709N00707934EA0258402790
B1315244633713N00707932EA0258702788
B1315254633717N00707933EA0259102791
B1315264633719N00707937EA0259402794
B1315274633721N00707942EA0259802795
B1315284633721N00707948EA0260102797
B1315294633719N00707955EA0260402799
B1315304633716N00707961EA0260802801
B1315314633712N00707965EA0261202804
B1315324633706N00707967EA0261602807
B1315334633701N00707967EA0261902811
B1315344633696N00707965EA0262102815
B1315354633692N00707960EA0262402818
B1315364633688N00707953EA0262702821
B1315374633686N00707945EA0263202820
B1315384633683N00707937EA0263502823
B1315394633682N00707930EA0263802825
B1315404633683N00707923EA0264102829
B1315414633685N00707916EA0264402832
B1315424633687N00707910EA0264702835
B1315434633691N00707906EA0265102839
B1315444633695N00707903EA0265402843
B1315454633699N00707904EA0265702848
B1315464633703N00707906EA0266102851
B1315474633705N00707910EA0266502848
B1315484633706N00707914EA0266902850
B1315494633706N00707919EA0267302852
B1315504633706N00707925EA0267802854
B1315514633703N00707929EA0268202856
B1315524633700N00707933EA0268502854
B1315534633696N00707936EA0268802856
B1315544633692N00707938EA0269002858
B1315554633687N00707938EA0269302860
B1315564633682N00707936EA0269402862
B1315574633678N00707932EA0269602864
B1315584633675N00707927EA0269902865
B1315594633671N00707921EA0270102867
B1316004633668N00707914EA0270302868
B1316014633667N00707906EA0270602870
B1316024633667N00707897EA0270902872
B1316034633669N00707889EA0271202875
B1316044633671N00707882EA0271502878
B1316054633675N00707877EA0271802882
B1316064633680N00707874EA0272002886
B1316074633684N00707874EA0272302890
B1316084633689N00707876EA0272502895
B1316094633693N00707879EA0272902898
B1316104633696N00707884EA0273402899
B1316114633697N00707889EA0273902901
B1316124633696N00707894EA0274302904
B1316134633695N00707897EA0274602902
B1316144633691N00707900EA0274902903
B1316154633687N00707901EA0275202905
B1316164633683N00707900EA0275502908
B1316174633679N00707898EA0275702911
B1316184633676N00707893EA0275902914
B1316194633673N00707887EA0276102916
B1316204633671N00707879EA0276202918
B1316214633669N00707871EA0276502920
B1316224633668N00707861EA0276702923
B1316234633668N00707851EA0276902927
B1316244633669N00707842EA0277002929
B1316254633672N00707834EA0277002932
B1316264633677N00707828EA0277102936
B1316274633681N00707824EA0277202940
B1316284633686N00707823EA0277402944
B1316294633692N00707826EA0277602948
B1316304633696N00707828EA0277802951
B1316314633699N00707831EA0278202953
B1316324633702N00707836EA0278502956
B1316334633704N00707842EA0278802959
B1316344633706N00707847EA0279102961
B1316354633708N00707852EA0279302963
B1316364633709N00707856EA0279502961
B1316374633709N00707861EA0279702963
B1316384633708N00707866EA0279902965
B1316394633707N00707871EA0280202967
B1316404633705N00707876EA0280502969
B1316414633703N00707881EA0280802971
B1316424633700N00707884EA0281202973
B1316434633697N00707886EA0281402975
B1316444633692N00707886EA0281702977
B1316454633688N00707884EA0281902980
B1316464633684N00707881EA0282102983
B1316474633681N00707877EA0282202986
B1316484633678N00707873EA0282302988
B1316494633675N00707867EA0282302990
B1316504633672N00707860EA0282402991
B1316514633672N00707851EA0282502992
B1316524633673N00707842EA0282602994
B1316544633679N00707826EA0282802999
B1316554633683N00707820EA0282903001
B1316564633688N00707816EA0283103004
B1316574633694N00707814EA0283303009
B1316584633699N00707813EA0283403013
B1316594633704N00707813EA0283603016
B1317004633710N00707814EA0283803021
B1317014633714N00707816EA0284003026
B1317024633718N00707820EA0284103032
B1317034633721N00707824EA0284303034
B1317044633724N00707829EA0284503037
B1317054633725N00707833EA0284703039
B1317064633725N00707838EA0284803042
B1317074633724N00707843EA0284903044
B1317084633721N00707847EA0285003046
B1317094633718N00707850EA0285203049
B1317104633714N00707852EA0285303057
B1317114633710N00707851EA0285503062
B1317124633706N00707848EA0285703068
B1317134633702N00707843EA0286103072
B1317144633699N00707836EA0286403070
B1317154633696N00707829EA0286703072
B1317164633695N00707822EA0286903076
B1317174633694N00707814EA0286803080
B1317184633692N00707806EA0286703083
B1317194633691N00707796EA0286603086
B1317204633691N00707785EA0286603089
B1317214633691N00707774EA0286703091
B1317224633694N00707764EA0286703093
B1317234633698N00707754EA0286803095
B1317244633702N00707746EA0286803097
B1317254633707N00707739EA0286903099
B1317264633713N00707733EA0287003102
B1317274633718N00707729EA0287103105
B1317284633724N00707726EA0287103107
B1317294633730N00707724EA0287103110
B1317304633736N00707724EA0287003112
B1317314633741N00707724EA0287003113
B1317324633747N00707725EA0286903114
B1317334633751N00707729EA0286803115
B1317344633755N00707733EA0286803116
B1317354633758N00707738EA0286803117
B1317364633759N00707743EA0286803118
B1317374633760N00707749EA0286803119
B1317384633758N00707754EA0286803120
B1317394633755N00707757EA0286803121
B1317404633752N00707759EA0286903122
B1317414633747N00707760EA0287003123
B1317424633743N00707759EA0287103124
B1317434633739N00707757EA0287203125
B1317444633735N00707752EA0287303125
B1317454633732N00707745EA0287403127
B1317464633730N00707738EA0287503128
B1317474633729N00707730EA0287503129
B1317484633728N00707721EA0287503129
B1317494633728N00707712EA0287503130
B1317504633729N00707703EA0287503130
B1317514633732N00707693EA0287403131
B1317524633736N00707684EA0287303132
B1317534633741N00707677EA0287303132
B1317544633747N00707671EA0287203132
B1317554633753N00707667EA0287103132
B1317564633759N00707664EA0286903131
B1317574633766N00707663EA0286703130
B1317584633773N00707661EA0286403129
B1317594633780N00707658EA0286203128
B1318004633787N00707654EA0286003127
B1318014633792N00707650EA0285503125
B1318024633798N00707647EA0285103124
B1318034633805N00707645EA0284703121
B1318044633811N00707644EA0284403118
B1318054633818N00707642EA0284203113
B1318064633825N00707640EA0284103110
B1318074633831N00707638EA0283903108
B1318084633837N00707636EA0283603105
B1318094633842N00707635EA0283203102
B1318104633847N00707634EA0282703095
LXSB bat: 72% (3519)
LXSB temp: 23 39%
B1318114633854N00707634EA0282403090
B1318124633860N00707634EA0282203086
B1318134633866N00707635EA0281903083
B1318144633872N00707635EA0281703081
B1318154633877N00707635EA0281303078
B1318164633883N00707635EA0280903073
B1318174633889N00707635EA0280503069
B1318184633895N00707635EA0280103065
B1318194633901N00707636EA0279803062
B1318204633907N00707636EA0279503059
B1318214633913N00707636EA0279203055
B1318224633919N00707635EA0278903052
B1318234633925N00707635EA0278503049
B1318244633931N00707634EA0278103045
B1318254633937N00707632EA0277803040
B1318264633944N00707630EA0277603036
B1318274633951N00707628EA0277403033
B1318284633957N00707625EA0277303030
B1318294633962N00707623EA0277003033
B1318304633968N00707621EA0276703030
B1318314633973N00707620EA0276403026
B1318324633980N00707619EA0276103023
B1318334633986N00707617EA0275903020
B1318344633993N00707616EA0275703017
B1318354633999N00707616EA0275403015
B1318364634005N00707616EA0275203013
B1318374634012N00707616EA0274903010
B1318384634018N00707616EA0274603006
B1318394634025N00707615EA0274503003
B1318404634032N00707615EA0274303001
B1318414634039N00707616EA0274002998
B1318424634044N00707617EA0273702995
B1318434634051N00707618EA0273402992
B1318444634057N00707619EA0273102989
B1318454634064N00707620EA0272902985
B1318464634071N00707621EA0272702987
B1318474634078N00707622EA0272502985
B1318484634084N00707624EA0272302983
B1318494634089N00707625EA0272002979
B1318504634095N00707626EA0271702976
B1318514634102N00707628EA0271402974
B1318524634108N00707630EA0271202971
B1318534634114N00707632EA0270902968
B1318544634120N00707633EA0270502965
B1318554634127N00707634EA0270202961
B1318564634135N00707635EA0270002962
B1318574634143N00707637EA0269802960
B1318584634150N00707638EA0269602958
B1318594634156N00707640EA0269402956
B1319004634163N00707641EA0269002954
B1319014634169N00707642EA0268602952
B1319024634176N00707643EA0268302949
B1319034634183N00707644EA0268002950
B1319044634191N00707645EA0267902948
B1319054634198N00707647EA0267802946
B1319064634205N00707649EA0267602945
B1319074634211N00707649EA0267402943
B1319084634218N00707649EA0267202940
B1319094634225N00707648EA0267102938
B1319104634232N00707647EA0266902936
B1319114634239N00707646EA0266802934
B1319124634246N00707645EA0266702933
B1319134634253N00707644EA0266402930
B1319144634260N00707643EA0266202927
B1319154634267N00707643EA0265902925
B1319164634274N00707644EA0265702923
B1319174634281N00707645EA0265502923
B1319184634288N00707645EA0265302921
B1319194634294N00707646EA0265202919
B1319204634301N00707646EA0265002917
B1319214634308N00707647EA0264902915
B1319224634314N00707648EA0264802912
B1319234634321N00707648EA0264602911
B1319244634329N00707649EA0264502909
B1319254634336N00707650EA0264402907
B1319264634343N00707651EA0264402905
B1319274634350N00707652EA0264302904
B1319294634363N00707654EA0264202903
B1319304634369N00707655EA0264002902
B1319314634376N00707656EA0263802899
B1319324634383N00707657EA0263602897
B1319334634390N00707658EA0263402894
B1319344634396N00707660EA0263202890
B1319354634403N00707661EA0263002890
B1319364634410N00707661EA0262602887
B1319374634417N00707660EA0262302882
B1319384634424N00707660EA0261902884
B1319394634431N00707659EA0261502881
B1319404634439N00707660EA0261202877
B1319414634446N00707660EA0261002874
B1319424634454N00707661EA0260702874
B1319434634462N00707661EA0260402869
B1319444634469N00707661EA0260202866
B1319454634477N00707661EA0259902862
B1319464634484N00707662EA0259702858
B1319474634492N00707662EA0259502855
B1319484634499N00707662EA0259402854
B1319494634506N00707660EA0259202851
B1319504634513N00707659EA0258902849
B1319514634519N00707658EA0258702846
B1319524634526N00707657EA0258502843
B1319534634532N00707657EA0258302840
B1319544634539N00707656EA0258102838
B1319554634545N00707655EA0257802835
B1319564634552N00707655EA0257602832
B1319574634558N00707655EA0257402829
B1319584634565N00707654EA0257202827
B1319594634572N00707654EA0257002824
B1320004634579N00707653EA0256802822
B1320014634586N00707652EA0256602819
B1320024634592N00707651EA0256402816
B1320034634599N00707651EA0256102813
B1320044634605N00707651EA0255902810
B1320054634612N00707651EA0255602807
B1320064634619N00707650EA0255302804
B1320074634626N00707648EA0255102801
B1320084634633N00707648EA0254802798
B1320094634641N00707648EA0254402794
B1320104634648N00707648EA0254202791
B1320114634655N00707647EA0254102787
B1320124634662N00707647EA0254002785
B1320134634668N00707646EA0253902784
B1320144634675N00707646EA0253702782
B1320154634681N00707645EA0253402780
B1320164634688N00707644EA0253202777
B1320174634695N00707644EA0253002775
B1320184634702N00707644EA0252902773
B1320194634709N00707645EA0252902772
B1320204634716N00707646EA0252802771
B1320214634723N00707647EA0252602770
B1320224634730N00707648EA0252402768
B1320234634737N00707648EA0252202766
B1320244634745N00707647EA0252102763
B1320254634752N00707647EA0252102762
B1320264634760N00707646EA0252102762
B1320274634766N00707645EA0252002761
B1320284634772N00707644EA0251802761
B1320294634778N00707644EA0251602758
B1320304634785N00707644EA0251502756
B1320314634792N00707644EA0251402755
B1320324634799N00707644EA0251302753
B1320334634806N00707644EA0251202752
B1320344634812N00707645EA0251002750
B1320354634818N00707646EA0250702748
B1320364634825N00707646EA0250602746
B1320374634832N00707648EA0250602745
B1320384634839N00707649EA0250502744
B1320394634845N00707651EA0250402743
B1320404634851N00707652EA0250302742
B1320414634857N00707653EA0250202742
B1320424634864N00707653EA0250202741
B1320434634871N00707653EA0250102740
B1320444634877N00707655EA0250102740
B1320454634884N00707657EA0250102740
B1320464634890N00707659EA0250002740
B1320474634897N00707661EA0250002739
B1320484634904N00707663EA0249902739
B1320494634911N00707664EA0249702737
B1320504634918N00707665EA0249602736
B1320514634926N00707666EA0249502735
B1320524634933N00707667EA0249502734
B1320534634940N00707668EA0249502734
B1320544634948N00707669EA0249302733
B1320554634954N00707670EA0249202732
B1320564634961N00707670EA0248902731
B1320574634969N00707670EA0248802730
B1320584634976N00707669EA0248802729
B1320594634983N00707669EA0248802728
B1321004634991N00707669EA0248802727
B1321014634998N00707668EA0248702727
B1321024635005N00707668EA0248702727
B1321034635011N00707668EA0248602726
B1321044635018N00707669EA0248602726
B1321054635025N00707670EA0248502725
B1321064635031N00707670EA0248402723
B1321074635038N00707670EA0248302722
B1321084635045N00707671EA0248202721
B1321094635051N00707671EA0248002720
B1321104635057N00707672EA0247802718
B1321114635064N00707672EA0247702716
B1321124635071N00707673EA0247502714
B1321134635077N00707675EA0247402713
B1321154635090N00707678EA0247302712
B1321164635096N00707679EA0247202711
B1321174635102N00707679EA0247102711
B1321184635109N00707680EA0246902709
B1321194635115N00707682EA0246802707
B1321204635122N00707684EA0246702705
B1321214635128N00707686EA0246702705
B1321224635134N00707689EA0246602704
B1321234635140N00707691EA0246502703
B1321244635147N00707692EA0246402701
B1321254635154N00707693EA0246402701
B1321264635160N00707695EA0246402700
B1321274635166N00707696EA0246402700
B1321284635171N00707698EA0246302699
B1321294635176N00707699EA0246002695
B1321304635182N00707700EA0245802693
B1321314635189N00707702EA0245702691
B1321324635195N00707703EA0245702689
B1321334635201N00707706EA0245602688
B1321344635207N00707708EA0245602687
B1321354635213N00707711EA0245602688
B1321364635218N00707714EA0245502687
B1321374635224N00707717EA0245502687
B1321384635229N00707720EA0245402686
B1321394635235N00707723EA0245302686
B1321404635241N00707726EA0245302686
B1321414635247N00707729EA0245202685
B1321424635253N00707732EA0245202685
B1321434635259N00707735EA0245102685
B1321444635265N00707738EA0245102684
B1321454635272N00707740EA0245002684
B1321464635278N00707743EA0245002684
B1321474635283N00707746EA0244902684
B1321484635289N00707749EA0244802683
B1321494635295N00707752EA0244702682
B1321504635301N00707755EA0244602681
B1321514635307N00707757EA0244502680
B1321524635313N00707759EA0244402679
B1321534635320N00707761EA0244402679
B1321544635326N00707762EA0244302680
B1321554635332N00707763EA0244302679
B1321564635338N00707763EA0244202679
B1321574635343N00707762EA0244102678
B1321584635349N00707761EA0244002676
B1321594635355N00707759EA0243902676
B1322004635360N00707757EA0243702675
B1322014635366N00707755EA0243702674
B1322024635372N00707752EA0243602673
B1322034635378N00707748EA0243502672
B1322044635383N00707745EA0243402671
B1322054635388N00707741EA0243102669
B1322064635394N00707737EA0243002668
B1322074635400N00707733EA0242802667
B1322084635405N00707728EA0242702665
B1322094635411N00707724EA0242602664
B1322104635416N00707719EA0242502662
B1322114635421N00707715EA0242302661
B1322124635427N00707710EA0242202660
B1322134635432N00707705EA0242202659
B1322144635438N00707700EA0242102658
B1322154635443N00707695EA0242002658
B1322164635448N00707689EA0241902657
B1322174635453N00707684EA0241802657
B1322184635458N00707678EA0241702656
B1322194635463N00707673EA0241602655
B1322204635468N00707667EA0241502654
B1322214635473N00707662EA0241402653
B1322224635478N00707657EA0241302653
B1322234635482N00707651EA0241202652
B1322244635487N00707646EA0241002651
B1322254635492N00707641EA0240902650
B1322264635497N00707636EA0240702648
B1322274635501N00707630EA0240602646
B1322284635506N00707625EA0240502645
B1322294635511N00707619EA0240402644
B1322304635517N00707614EA0240302643
B1322314635522N00707609EA0240202642
B1322324635527N00707604EA0240102641
B1322334635531N00707598EA0240002640
B1322344635536N00707593EA0239902639
B1322354635540N00707588EA0239802637
B1322364635545N00707582EA0239702636
B1322374635550N00707576EA0239602635
B1322384635555N00707571EA0239502634
B1322394635559N00707565EA0239402633
B1322404635564N00707559EA0239302632
B1322414635568N00707553EA0239102631
B1322424635573N00707547EA0239002630
B1322434635578N00707542EA0238902629
B1322444635583N00707537EA0238702628
B1322454635588N00707531EA0238602627
B1322464635593N00707526EA0238502626
B1322474635598N00707520EA0238402625
B1322484635603N00707514EA0238302623
B1322494635607N00707507EA0238102622
B1322504635612N00707501EA0238002620
B1322514635617N00707494EA0237902619
B1322524635621N00707487EA0237802617
B1322534635626N00707481EA0237702616
B1322544635631N00707474EA0237702615
B1322554635635N00707467EA0237602614
B1322564635639N00707460EA0237402613
B1322574635643N00707453EA0237202612
B1322584635648N00707446EA0237002611
B1322594635652N00707439EA0236902609
B1323004635657N00707432EA0236802608
B1323014635661N00707426EA0236702607
B1323024635665N00707419EA0236602606
B1323034635669N00707412EA0236502605
B1323044635673N00707405EA0236302604
B1323054635678N00707400EA0236102602
B1323064635683N00707394EA0235902601
B1323074635688N00707388EA0235702599
B1323094635698N00707377EA0235602597
B1323104635703N00707371EA0235402596
B1323114635708N00707367EA0235302594
B1323124635714N00707362EA0235202592
B1323134635719N00707357EA0235102591
LXSB bat: 74% (3526)
LXSB temp: 21 39%
B1323144635724N00707352EA0235002587
B1323154635730N00707347EA0234902586
B1323164635735N00707342EA0234802585
B1323174635741N00707338EA0234702584
B1323184635746N00707334EA0234702582
B1323194635751N00707330EA0234502581
B1323204635757N00707325EA0234402580
B1323214635762N00707319EA0234302579
B1323224635768N00707314EA0234202578
B1323234635773N00707309EA0234102578
B1323244635779N00707305EA0234002577
B1323254635784N00707300EA0233902576
B1323264635789N00707295EA0233802575
B1323274635795N00707290EA0233602574
B1323284635800N00707285EA0233502573
B1323294635806N00707281EA0233402572
B1323304635811N00707276EA0233202571
B1323314635817N00707271EA0233102570
B1323324635822N00707266EA0232902569
B1323334635828N00707262EA0232802568
B1323344635834N00707257EA0232702567
B1323354635839N00707252EA0232602566
B1323364635844N00707247EA0232502564
B1323374635850N00707242EA0232402562
B1323384635855N00707237EA0232202560
B1323394635860N00707232EA0232002559
B1323404635866N00707227EA0231902557
B1323414635871N00707222EA0231802556
B1323424635876N00707217EA0231702555
B1323434635882N00707213EA0231702553
B1323444635887N00707208EA0231502551
B1323454635892N00707204EA0231402550
B1323464635898N00707199EA0231202547
B1323474635903N00707195EA0231102545
B1323484635909N00707191EA0231002543
B1323494635914N00707186EA0230902541
B1323504635920N00707182EA0230802539
B1323514635925N00707177EA0230702538
B1323524635931N00707172EA0230602536
B1323534635937N00707168EA0230502535
B1323544635942N00707163EA0230502534
B1323554635948N00707159EA0230402533
B1323564635953N00707155EA0230302532
B1323574635959N00707151EA0230202530
B1323584635965N00707146EA0230102529
B1323594635970N00707141EA0230102528
B1324004635976N00707136EA0230002527
B1324014635981N00707131EA0229802525
B1324024635987N00707127EA0229602524
B1324034635993N00707123EA0229402522
B1324044635999N00707118EA0229302521
B1324054636005N00707113EA0229202519
B1324064636011N00707109EA0229102518
B1324074636016N00707105EA0229102517
B1324084636022N00707101EA0229002516
B1324094636028N00707098EA0228902515
B1324104636033N00707095EA0228702513
B1324114636039N00707091EA0228602511
B1324124636045N00707087EA0228502510
B1324134636051N00707083EA0228402509
B1324144636057N00707080EA0228402508
B1324154636063N00707077EA0228202507
B1324164636070N00707074EA0228002506
B1324174636076N00707071EA0228002505
B1324184636082N00707067EA0227902504
B1324194636087N00707063EA0227802503
B1324204636093N00707058EA0227602502
B1324214636099N00707054EA0227602501
B1324224636105N00707050EA0227402500
B1324234636111N00707045EA0227402499
B1324244636117N00707040EA0227302498
B1324254636122N00707036EA0227302497
B1324264636128N00707031EA0227202496
B1324274636133N00707027EA0227202496
B1324284636138N00707022EA0227102495
B1324294636143N00707018EA0227002494
B1324304636148N00707013EA0226902493
B1324314636153N00707009EA0226802492
B1324324636158N00707004EA0226602491
B1324334636164N00707000EA0226602490
B1324344636170N00706996EA0226502488
B1324354636175N00706992EA0226402487
B1324364636181N00706988EA0226302487
B1324374636187N00706983EA0226302486
B1324384636192N00706978EA0226202485
B1324394636198N00706973EA0226202484
B1324404636203N00706967EA0226102483
B1324414636209N00706962EA0226002482
B1324424636214N00706956EA0225902482
B1324434636219N00706951EA0225902481
B1324444636225N00706946EA0225902480
B1324454636230N00706940EA0225802480
B1324464636235N00706935EA0225702479
B1324474636240N00706930EA0225602479
B1324484636245N00706925EA0225502478
B1324494636251N00706920EA0225402477
B1324504636256N00706915EA0225302476
B1324514636262N00706910EA0225202476
B1324524636267N00706904EA0225102475
B1324534636273N00706899EA0225002474
B1324544636278N00706894EA0224902473
B1324554636283N00706889EA0224702471
B1324564636289N00706883EA0224502470
B1324584636300N00706871EA0224402469
B1324594636305N00706864EA0224402468
B1325004636311N00706859EA0224302467
B1325014636316N00706853EA0224302466
B1325024636321N00706848EA0224202464
B1325034636326N00706842EA0224102463
B1325044636331N00706837EA0224102462
B1325054636336N00706831EA0224002461
B1325064636341N00706826EA0223902460
B1325074636346N00706820EA0223802459
B1325084636351N00706815EA0223702458
B1325094636356N00706809EA0223502458
B1325104636361N00706803EA0223302457
B1325114636366N00706797EA0223202456
B1325124636371N00706791EA0223102454
B1325134636376N00706784EA0223002453
B1325144636381N00706779EA0222902452
B1325154636385N00706773EA0222802451
B1325164636390N00706767EA0222702450
B1325174636394N00706761EA0222602449
B1325184636399N00706755EA0222502448
B1325194636404N00706750EA0222402447
B1325204636409N00706744EA0222402447
B1325214636413N00706739EA0222302446
B1325224636418N00706734EA0222302445
B1325234636423N00706729EA0222202444
B1325244636428N00706724EA0222102443
B1325254636433N00706719EA0222002443
B1325264636438N00706713EA0221802442
B1325274636443N00706708EA0221702441
B1325284636447N00706701EA0221602441
B1325294636452N00706695EA0221502440
B1325304636457N00706689EA0221502440
B1325314636461N00706683EA0221402439
B1325324636466N00706677EA0221302439
B1325334636470N00706671EA0221202438
B1325344636474N00706664EA0221102436
B1325354636479N00706658EA0221002435
B1325364636484N00706651EA0220902434
B1325374636488N00706645EA0220902434
B1325384636493N00706639EA0220802433
B1325394636498N00706633EA0220602432
B1325404636503N00706628EA0220402431
B1325414636508N00706622EA0220302429
B1325424636514N00706617EA0220202428
B1325434636519N00706611EA0220202427
B1325444636524N00706605EA0220102427
B1325454636528N00706599EA0220002426
B1325464636533N00706594EA0219902425
B1325474636538N00706588EA0219802424
B1325484636543N00706582EA0219702423
B1325494636548N00706576EA0219602422
B1325504636553N00706570EA0219502421
B1325514636558N00706564EA0219502420
B1325524636562N00706557EA0219402419
B1325534636567N00706551EA0219402419
B1325544636572N00706545EA0219202418
B1325554636577N00706539EA0219002417
B1325564636581N00706533EA0218902416
B1325574636586N00706526EA0218902415
B1325584636591N00706519EA0218802415
B1325594636596N00706513EA0218802414
B1326004636601N00706507EA0218702413
B1326014636605N00706501EA0218602412
B1326024636609N00706494EA0218502411
B1326034636613N00706488EA0218302410
B1326044636617N00706481EA0218202409
B1326054636622N00706474EA0218202408
B1326064636626N00706467EA0218102407
B1326074636630N00706460EA0218002406
B1326084636635N00706454EA0218002405
B1326094636639N00706448EA0217802404
B1326104636644N00706442EA0217702403
B1326114636648N00706436EA0217502402
B1326124636653N00706430EA0217402400
B1326134636659N00706424EA0217302399
B1326144636664N00706417EA0217302398
B1326154636669N00706411EA0217202397
B1326164636674N00706405EA0217102396
B1326174636678N00706400EA0217002395
B1326184636683N00706394EA0216902393
B1326194636688N00706389EA0216702392
B1326204636693N00706383EA0216602390
B1326214636699N00706378EA0216602389
B1326224636704N00706373EA0216602388
B1326234636710N00706368EA0216602386
B1326244636715N00706365EA0216502386
B1326254636719N00706360EA0216402384
B1326264636724N00706355EA0216202383
B1326274636730N00706350EA0216202382
B1326284636735N00706345EA0216202381
B1326294636740N00706341EA0216102380
B1326304636745N00706336EA0216002379
B1326314636750N00706332EA0215802378
B1326324636755N00706327EA0215602377
B1326334636760N00706322EA0215402376
B1326344636766N00706317EA0215302374
B1326354636771N00706311EA0215302372
B1326364636776N00706305EA0215202371
B1326374636780N00706300EA0215102369
B1326384636785N00706295EA0214902368
B1326394636790N00706290EA0214702366
B1326404636795N00706284EA0214702365
B1326414636801N00706278EA0214602364
B1326424636806N00706272EA0214602363
B1326434636811N00706266EA0214502362
B1326444636815N00706260EA0214402361
B1326454636820N00706255EA0214302360
B1326464636825N00706249EA0214102359
B1326474636831N00706244EA0214002358
B1326484636836N00706238EA0213902357
B1326494636841N00706232EA0213902356
B1326504636846N00706227EA0213902355
B1326514636851N00706222EA0213802354
B1326524636856N00706217EA0213702353
B1326534636862N00706212EA0213602353
B1326544636867N00706206EA0213502352
B1326554636873N00706200EA0213502352
B1326574636883N00706188EA0213502351
B1326584636888N00706183EA0213502351
B1326594636893N00706177EA0213402351
B1327004636898N00706172EA0213302351
B1327014636903N00706166EA0213302351
B1327024636908N00706159EA0213202351
B1327034636913N00706153EA0213102350
B1327044636917N00706147EA0213102349
B1327054636922N00706141EA0213102349
B1327064636927N00706135EA0213002348
B1327074636932N00706129EA0213002348
B1327084636937N00706124EA0212902348
B1327094636941N00706118EA0212902347
B1327104636946N00706112EA0212902347
B1327114636951N00706105EA0212902347
B1327124636955N00706099EA0212902347
B1327134636960N00706094EA0212702346
B1327144636964N00706088EA0212602345
B1327154636969N00706082EA0212502344
B1327164636973N00706076EA0212502344
B1327174636978N00706070EA0212402343
B1327184636982N00706064EA0212402342
B1327194636987N00706058EA0212302341
B1327204636991N00706053EA0212102340
B1327214636996N00706046EA0212002340
B1327224637000N00706040EA0212002339
B1327234637005N00706034EA0212002338
B1327244637010N00706028EA0212002337
B1327254637015N00706023EA0211902337
B1327264637019N00706018EA0211802336
B1327274637024N00706013EA0211702335
B1327284637029N00706007EA0211602334
B1327294637034N00706001EA0211502333
B1327304637039N00705996EA0211502332
B1327314637044N00705990EA0211502332
B1327324637049N00705985EA0211402332
B1327334637054N00705979EA0211302331
B1327344637059N00705974EA0211202330
B1327354637064N00705968EA0211102329
B1327364637069N00705962EA0211002328
B1327374637074N00705956EA0210902327
B1327384637079N00705951EA0210702326
B1327394637084N00705945EA0210602326
B1327404637089N00705940EA0210502325
B1327414637095N00705935EA0210402324
B1327424637100N00705929EA0210302323
B1327434637105N00705924EA0210202323
B1327444637110N00705919EA0210102322
B1327454637115N00705914EA0210002321
B1327464637121N00705909EA0209902320
B1327474637126N00705905EA0209802320
B1327484637131N00705900EA0209702320
B1327494637136N00705894EA0209602319
B1327504637142N00705888EA0209502318
B1327514637147N00705883EA0209402317
B1327524637152N00705878EA0209202316
B1327534637157N00705873EA0209102315
B1327544637163N00705868EA0209002315
B1327554637168N00705864EA0208902314
B1327564637174N00705860EA0208902313
B1327574637179N00705855EA0208802312
B1327584637184N00705851EA0208702311
B1327594637190N00705848EA0208602310
B1328004637195N00705844EA0208502309
B1328014637201N00705841EA0208402308
B1328024637207N00705836EA0208302306
B1328034637212N00705832EA0208202305
B1328044637218N00705828EA0208102304
B1328054637223N00705824EA0208002303
B1328064637228N00705820EA0207902301
B1328074637234N00705816EA0207802300
B1328084637240N00705811EA0207702299
B1328094637246N00705807EA0207502298
B1328104637252N00705803EA0207402296
B1328114637257N00705798EA0207402294
B1328124637263N00705794EA0207302292
B1328134637268N00705790EA0207102291
B1328144637273N00705785EA0207002289
B1328154637279N00705781EA0206902287
B1328164637285N00705777EA0206702286
B1328174637290N00705773EA0206502284
B1328184637296N00705769EA0206402282
LXSB bat: 74% (3527)
LXSB temp: 17 44%
B1328194637302N00705764EA0206302281
B1328204637308N00705760EA0206202279
B1328214637314N00705756EA0206102278
B1328224637320N00705751EA0206002277
B1328234637325N00705747EA0205902276
B1328244637330N00705743EA0205702275
B1328254637336N00705739EA0205602274
B1328264637341N00705735EA0205502272
B1328274637347N00705730EA0205402271
B1328284637353N00705726EA0205302270
B1328294637359N00705722EA0205202269
B1328304637364N00705718EA0205102268
B1328314637370N00705715EA0205002267
B1328324637376N00705711EA0204802267
B1328334637382N00705707EA0204702266
B1328344637388N00705703EA0204702265
B1328354637394N00705699EA0204702265
B1328364637399N00705695EA0204602265
B1328374637405N00705691EA0204502264
B1328384637410N00705687EA0204302263
B1328394637415N00705683EA0204202261
B1328404637421N00705679EA0204102260
B1328414637427N00705674EA0204002260
B1328424637432N00705670EA0204002259
B1328434637438N00705666EA0203802259
B1328444637443N00705661EA0203702258
B1328454637448N00705657EA0203602257
B1328464637454N00705653EA0203402256
B1328474637459N00705649EA0203302255
B1328484637465N00705645EA0203202254
B1328494637470N00705641EA0203002253
B1328504637475N00705636EA0202902252
B1328514637480N00705631EA0202802250
B1328524637485N00705626EA0202602249
B1328534637490N00705621EA0202502248
B1328544637495N00705616EA0202402247
B1328554637501N00705610EA0202302246
B1328564637506N00705605EA0202202244
B1328574637511N00705598EA0202102242
B1328584637515N00705591EA0202102241
B1328594637520N00705585EA0202002239
B1329004637524N00705579EA0201802238
B1329014637528N00705573EA0201602236
B1329024637533N00705566EA0201402234
B1329034637537N00705559EA0201302232
B1329044637541N00705552EA0201202231
B1329054637546N00705545EA0201102229
B1329064637550N00705539EA0201002228
B1329074637554N00705532EA0200902226
B1329084637558N00705525EA0200902224
B1329094637562N00705518EA0200802223
B1329104637565N00705511EA0200702223
B1329114637569N00705505EA0200502221
B1329124637573N00705499EA0200302220
B1329134637576N00705492EA0200102218
B1329144637580N00705485EA0200002216
B1329154637584N00705477EA0199902214
B1329164637587N00705471EA0199802213
B1329174637589N00705465EA0199702211
B1329184637592N00705459EA0199502209
B1329194637596N00705452EA0199502208
B1329204637599N00705446EA0199402206
B1329224637606N00705433EA0199302205
B1329234637610N00705426EA0199202204
B1329244637613N00705420EA0199102203
B1329254637617N00705414EA0199002201
B1329264637621N00705408EA0198902200
B1329274637625N00705401EA0198802199
B1329284637629N00705395EA0198702197
B1329294637633N00705389EA0198602196
B1329304637637N00705383EA0198502193
B1329314637641N00705377EA0198402191
B1329324637645N00705371EA0198302189
B1329334637649N00705364EA0198302188
B1329344637653N00705358EA0198202187
B1329354637657N00705352EA0198102186
B1329364637661N00705345EA0198002184
B1329374637665N00705339EA0197902183
B1329384637670N00705333EA0197702182
B1329394637674N00705327EA0197602182
B1329404637679N00705321EA0197602180
B1329414637684N00705316EA0197602179
B1329424637688N00705311EA0197502178
B1329434637693N00705306EA0197302177
B1329444637698N00705301EA0197202175
B1329454637702N00705296EA0197102174
B1329464637707N00705291EA0197002172
B1329474637710N00705285EA0196902171
B1329484637714N00705280EA0196802169
B1329494637719N00705275EA0196602168
B1329504637724N00705269EA0196502166
B1329514637729N00705264EA0196402166
B1329524637733N00705259EA0196302164
B1329534637737N00705253EA0196202163
B1329544637741N00705247EA0196002161
B1329554637745N00705240EA0196002160
B1329564637749N00705234EA0195802159
B1329574637754N00705228EA0195602157
B1329584637757N00705222EA0195502156
B1329594637761N00705215EA0195402154
B1330004637765N00705208EA0195302153
B1330014637769N00705201EA0195202152
B1330024637772N00705195EA0195202151
B1330034637776N00705188EA0195102150
B1330044637779N00705181EA0195002149
B1330054637783N00705175EA0194902148
B1330064637786N00705168EA0194802146
B1330074637790N00705162EA0194602145
B1330084637794N00705156EA0194502144
B1330094637798N00705149EA0194402142
B1330104637802N00705143EA0194302142
B1330114637806N00705136EA0194202141
B1330124637809N00705130EA0194102140
B1330134637813N00705123EA0194002139
B1330144637817N00705116EA0193902136
B1330154637821N00705109EA0193902136
B1330164637825N00705103EA0193802136
B1330174637829N00705096EA0193602135
B1330184637833N00705089EA0193502134
B1330194637836N00705082EA0193302133
B1330204637840N00705074EA0193202132
B1330214637844N00705067EA0193102131
B1330224637847N00705060EA0193002130
B1330234637850N00705053EA0192902129
B1330244637853N00705046EA0192702127
B1330254637856N00705039EA0192602126
B1330264637860N00705032EA0192502125
B1330274637863N00705025EA0192402123
B1330284637865N00705018EA0192302122
B1330294637868N00705010EA0192102121
B1330304637871N00705003EA0192002119
B1330314637873N00704996EA0191902118
B1330324637875N00704988EA0191802117
B1330334637877N00704980EA0191702116
B1330344637879N00704973EA0191602115
B1330354637881N00704965EA0191502114
B1330364637883N00704958EA0191302113
B1330374637884N00704950EA0191202111
B1330384637886N00704942EA0191102110
B1330394637888N00704933EA0191002109
B1330404637889N00704926EA0190902108
B1330414637890N00704918EA0190902108
B1330424637892N00704911EA0190702107
B1330434637893N00704903EA0190602105
B1330444637894N00704895EA0190502104
B1330454637895N00704887EA0190402103
B1330464637896N00704879EA0190302102
B1330474637896N00704871EA0190202102
B1330484637897N00704863EA0190102101
B1330494637898N00704855EA0190002100
B1330504637898N00704846EA0189902099
B1330514637899N00704838EA0189802099
B1330524637900N00704831EA0189602098
B1330534637901N00704823EA0189502097
B1330544637902N00704815EA0189302095
B1330554637903N00704807EA0189202094
B1330564637904N00704798EA0189202093
B1330574637905N00704790EA0189102092
B1330584637905N00704782EA0189002091
B1330594637906N00704775EA0188902090
B1331004637907N00704768EA0188702089
B1331014637908N00704761EA0188702088
B1331024637909N00704753EA0188602086
B1331034637910N00704745EA0188502086
B1331044637910N00704737EA0188502085
B1331054637911N00704730EA0188402084
B1331064637912N00704723EA0188202083
B1331074637912N00704715EA0188102082
B1331084637913N00704708EA0188002081
B1331094637913N00704700EA0187902079
B1331104637913N00704692EA0187902078
B1331114637914N00704685EA0187802077
B1331124637914N00704678EA0187602076
B1331134637915N00704671EA0187502075
B1331144637916N00704663EA0187402073
B1331154637916N00704656EA0187302072
B1331164637917N00704648EA0187302071
B1331174637918N00704640EA0187202070
B1331184637919N00704633EA0187102069
B1331194637920N00704626EA0187002068
B1331204637922N00704619EA0186902067
B1331214637923N00704612EA0186802066
B1331224637924N00704605EA0186702065
B1331234637926N00704598EA0186602064
B1331244637927N00704590EA0186502063
B1331254637928N00704583EA0186402062
B1331264637930N00704576EA0186302062
B1331274637931N00704568EA0186202061
B1331284637931N00704561EA0186102060
B1331294637932N00704553EA0185902059
B1331304637933N00704546EA0185902059
B1331314637933N00704538EA0185802058
B1331324637934N00704531EA0185702058
B1331334637935N00704524EA0185602057
B1331344637936N00704517EA0185502056
B1331354637936N00704510EA0185402055
B1331364637937N00704502EA0185302054
B1331374637937N00704495EA0185302054
B1331384637938N00704487EA0185202053
B1331394637938N00704480EA0185102053
B1331404637938N00704473EA0185002052
B1331414637938N00704466EA0184902050
B1331424637938N00704458EA0184702049
B1331434637938N00704451EA0184602048
B1331444637938N00704443EA0184502047
B1331454637938N00704436EA0184402046
B1331464637938N00704429EA0184302045
B1331474637937N00704421EA0184202043
B1331484637936N00704414EA0184002041
B1331494637936N00704407EA0183902040
B1331504637935N00704400EA0183902038
B1331514637935N00704393EA0183702037
B1331524637934N00704386EA0183602035
B1331534637933N00704378EA0183602034
B1331544637932N00704371EA0183502033
B1331564637930N00704357EA0183402032
B1331574637929N00704351EA0183302030
B1331584637928N00704344EA0183202029
B1331594637927N00704337EA0183102028
B1332004637927N00704331EA0183002027
B1332014637926N00704324EA0183002026
B1332024637925N00704318EA0182902025
B1332034637924N00704311EA0182802024
B1332044637924N00704305EA0182702023
B1332054637923N00704298EA0182502022
B1332064637922N00704291EA0182402020
B1332074637921N00704284EA0182302019
B1332084637920N00704277EA0182202016
B1332094637919N00704270EA0182102014
B1332104637918N00704264EA0181802012
B1332114637918N00704258EA0181702011
B1332124637916N00704251EA0181602010
B1332134637915N00704245EA0181602008
B1332144637915N00704238EA0181502006
B1332154637914N00704231EA0181302004
B1332164637913N00704224EA0181202003
B1332174637912N00704218EA0181102001
B1332184637910N00704211EA0181001999
B1332194637909N00704204EA0180801998
B1332204637908N00704197EA0180702002
B1332214637907N00704191EA0180602001
B1332224637906N00704184EA0180502000
B1332234637905N00704178EA0180401999
B1332244637904N00704170EA0180301998
B1332254637905N00704163EA0180201997
B1332264637905N00704155EA0180001996
B1332274637906N00704147EA0179901995
B1332284637906N00704140EA0179801994
B1332294637906N00704133EA0179701992
B1332304637907N00704127EA0179701991
B1332314637907N00704120EA0179501990
B1332324637908N00704114EA0179401989
B1332334637908N00704107EA0179201987
B1332344637909N00704100EA0179101986
B1332354637909N00704093EA0178901985
B1332364637909N00704086EA0178801983
B1332374637909N00704079EA0178701982
B1332384637909N00704073EA0178501981
B1332394637909N00704066EA0178301979
B1332404637909N00704059EA0178101977
B1332414637909N00704052EA0178101975
B1332424637909N00704045EA0177901974
B1332434637909N00704038EA0177801972
B1332444637909N00704031EA0177701970
B1332454637908N00704025EA0177501969
B1332464637908N00704018EA0177301967
B1332474637908N00704011EA0177201966
B1332484637907N00704004EA0177001964
B1332494637906N00703997EA0176901962
B1332504637905N00703990EA0176801961
B1332514637905N00703984EA0176701960
B1332524637904N00703977EA0176501958
B1332534637903N00703970EA0176301957
B1332544637903N00703963EA0176101955
B1332554637902N00703956EA0175901954
B1332564637901N00703950EA0175801952
B1332574637900N00703943EA0175601951
B1332584637900N00703936EA0175601950
B1332594637899N00703930EA0175501948
B1333004637899N00703923EA0175401947
B1333014637898N00703917EA0175301945
B1333024637898N00703910EA0175101944
B1333034637897N00703903EA0175001943
B1333044637896N00703897EA0174901942
B1333054637895N00703890EA0174801941
B1333064637894N00703884EA0174601939
B1333074637894N00703877EA0174501938
B1333084637893N00703870EA0174301937
B1333094637891N00703863EA0174201936
B1333104637890N00703857EA0174201935
B1333114637889N00703850EA0174001934
B1333124637887N00703844EA0173901932
B1333134637886N00703837EA0173701930
B1333144637884N00703831EA0173601929
B1333154637882N00703824EA0173401928
B1333164637881N00703818EA0173301926
B1333174637879N00703811EA0173201924
B1333184637877N00703805EA0173001922
B1333194637876N00703798EA0172701920
B1333204637874N00703791EA0172501918
B1333214637872N00703784EA0172301915
LXSB bat: 72% (3520)
LXSB temp: 19 43%
B1333224637871N00703777EA0172101913
B1333234637870N00703770EA0172001911
B1333244637869N00703762EA0172001909
B1333254637868N00703755EA0171901908
B1333264637868N00703749EA0171801907
B1333274637866N00703743EA0171701906
B1333284637865N00703736EA0171501904
B1333294637864N00703729EA0171301902
B1333304637864N00703722EA0171201901
B1333314637863N00703715EA0171101899
B1333324637862N00703708EA0171001898
B1333334637860N00703701EA0170801897
B1333344637859N00703695EA0170601900
B1333354637857N00703688EA0170501899
B1333364637855N00703681EA0170301898
B1333374637853N00703674EA0170201897
B1333384637852N00703667EA0170201896
B1333394637850N00703661EA0170101896
B1333404637848N00703655EA0170001895
B1333414637846N00703649EA0169901894
B1333424637844N00703642EA0169901893
B1333434637842N00703635EA0169801892
B1333444637840N00703629EA0169701892
B1333454637838N00703624EA0169601891
B1333464637836N00703618EA0169501890
B1333474637834N00703612EA0169301889
B1333484637831N00703606EA0169201888
B1333494637829N00703600EA0169101887
B1333504637826N00703593EA0169101886
B1333514637824N00703587EA0169001885
B1333524637822N00703581EA0168801884
B1333534637820N00703576EA0168601883
B1333544637818N00703570EA0168401881
B1333554637816N00703563EA0168201880
B1333564637814N00703556EA0168201878
B1333574637811N00703549EA0168101877
B1333584637809N00703542EA0168101877
B1333594637807N00703536EA0168001876
B1334004637806N00703530EA0167801875
B1334014637803N00703524EA0167601872
B1334024637801N00703517EA0167601870
B1334034637799N00703509EA0167501869
B1334044637797N00703502EA0167501868
B1334054637795N00703496EA0167401869
B1334064637793N00703490EA0167301868
B1334074637791N00703484EA0167101866
B1334084637789N00703478EA0167001865
B1334094637787N00703471EA0167001864
B1334104637784N00703465EA0166901862
B1334114637782N00703458EA0166801862
B1334124637779N00703452EA0166701861
B1334134637777N00703447EA0166501859
B1334144637775N00703441EA0166401858
B1334154637772N00703435EA0166201856
B1334164637769N00703429EA0166201855
B1334174637766N00703424EA0166101853
B1334184637763N00703418EA0166001852
B1334194637760N00703413EA0165801851
B1334204637757N00703409EA0165601849
B1334214637755N00703404EA0165401847
B1334224637752N00703398EA0165201845
B1334234637748N00703393EA0165101844
B1334244637745N00703388EA0165101843
B1334254637741N00703382EA0165001841
B1334264637738N00703377EA0164801840
B1334274637735N00703371EA0164701839
B1334284637733N00703365EA0164601837
B1334294637730N00703359EA0164501836
B1334304637726N00703354EA0164401834
B1334314637723N00703348EA0164401833
B1334324637720N00703343EA0164201831
B1334334637717N00703338EA0164101830
B1334344637714N00703333EA0164001829
B1334354637711N00703328EA0163901827
B1334364637709N00703323EA0163901826
B1334374637706N00703318EA0163801825
B1334384637703N00703314EA0163601825
B1334394637700N00703309EA0163401823
B1334404637697N00703304EA0163201822
B1334414637695N00703299EA0162901820
B1334424637692N00703294EA0162701819
B1334444637686N00703283EA0162501817
B1334454637684N00703277EA0162401816
B1334464637681N00703271EA0162401815
B1334474637679N00703265EA0162301813
B1334484637677N00703259EA0162001811
B1334494637674N00703253EA0161801808
B1334504637672N00703247EA0161701807
B1334514637669N00703241EA0161501805
B1334524637666N00703235EA0161401804
B1334534637664N00703229EA0161301802
B1334544637661N00703223EA0161101801
B1334554637659N00703217EA0160901800
B1334564637656N00703212EA0160801798
B1334574637654N00703206EA0160601797
B1334584637651N00703200EA0160401795
B1334594637649N00703194EA0160301794
B1335004637647N00703187EA0160201793
B1335014637645N00703181EA0160101791
B1335024637643N00703175EA0160001790
B1335034637641N00703169EA0159901789
B1335044637638N00703164EA0159801788
B1335054637636N00703158EA0159601786
B1335064637634N00703152EA0159301785
B1335074637632N00703146EA0159201783
B1335084637631N00703140EA0159101782
B1335094637629N00703134EA0159101781
B1335104637627N00703128EA0158901780
B1335114637626N00703123EA0158801778
B1335124637624N00703116EA0158501777
B1335134637623N00703110EA0158301774
B1335144637621N00703103EA0158201772
B1335154637620N00703096EA0158101771
B1335164637619N00703090EA0158001769
B1335174637617N00703084EA0157801767
B1335184637616N00703078EA0157601765
B1335194637615N00703072EA0157401763
B1335204637613N00703066EA0157101761
B1335214637611N00703059EA0157001758
B1335224637609N00703052EA0156701755
B1335234637607N00703045EA0156601753
B1335244637604N00703039EA0156501752
B1335254637602N00703032EA0156401750
B1335264637600N00703026EA0156301749
B1335274637597N00703019EA0156101747
B1335284637595N00703013EA0156001746
B1335294637593N00703007EA0155901744
B1335304637591N00703000EA0155701743
B1335314637590N00702994EA0155501741
B1335324637589N00702987EA0155301739
B1335334637588N00702981EA0155201737
B1335344637588N00702974EA0155001736
B1335354637588N00702967EA0154801734
B1335364637588N00702960EA0154601732
B1335374637587N00702953EA0154501730
B1335384637588N00702946EA0154401728
B1335394637588N00702939EA0154201727
B1335404637588N00702933EA0154101726
B1335414637587N00702927EA0153901725
B1335424637587N00702921EA0153601723
B1335434637587N00702915EA0153301721
B1335444637587N00702908EA0153101719
B1335454637586N00702902EA0153001717
B1335464637585N00702896EA0152701719
B1335474637585N00702890EA0152501717
B1335484637584N00702883EA0152101714
B1335494637583N00702876EA0152001711
B1335504637582N00702868EA0151901708
B1335514637581N00702861EA0151901706
B1335524637579N00702854EA0151901705
B1335534637578N00702848EA0151801703
B1335544637576N00702841EA0151701702
B1335554637575N00702835EA0151501700
B1335564637574N00702829EA0151301699
B1335574637573N00702822EA0151201697
B1335584637571N00702814EA0151101695
B1335594637569N00702806EA0151001694
B1336004637567N00702800EA0150901693
B1336014637566N00702793EA0150801692
B1336024637564N00702786EA0150601690
B1336034637563N00702779EA0150401688
B1336044637561N00702771EA0150301687
B1336054637559N00702764EA0150201686
B1336064637558N00702757EA0150101685
B1336074637556N00702751EA0150001683
B1336084637554N00702744EA0149901682
B1336094637552N00702738EA0149701680
B1336104637550N00702731EA0149501678
B1336114637548N00702723EA0149501677
B1336124637546N00702716EA0149401676
B1336134637544N00702708EA0149401675
B1336144637542N00702701EA0149401674
B1336154637540N00702694EA0149401674
B1336164637538N00702687EA0149401673
B1336174637536N00702679EA0149501673
B1336184637534N00702672EA0149501674
B1336194637532N00702665EA0149501674
B1336204637530N00702659EA0149301674
B1336214637527N00702652EA0149201673
B1336224637525N00702645EA0149001672
B1336234637523N00702638EA0148901670
B1336244637520N00702630EA0148901669
B1336254637518N00702623EA0148901668
B1336264637516N00702614EA0148801668
B1336274637516N00702607EA0148601667
B1336284637517N00702601EA0148501665
B1336294637520N00702594EA0148501664
B1336304637521N00702587EA0148201663
B1336314637522N00702581EA0147801662
B1336324637520N00702575EA0147801660
B1336334637516N00702568EA0147801659
B1336344637513N00702561EA0147101657
B1336354637513N00702556EA0146801655
B1336364637519N00702555EA0146901654
B1336374637523N00702554EA0146901652
B1336384637526N00702550EA0146101651
B1336394637525N00702545EA0145301648
B1336404637523N00702546EA0144701651
B1336414637520N00702557EA0143901652
B1336424637520N00702569EA0143001653
B1336434637524N00702576EA0142801651
B1336444637527N00702572EA0142601650
B1336454637527N00702566EA0142101650
B1336464637527N00702575EA0141301650
B1336474637530N00702580EA0140901650
B1336484637534N00702579EA0140901650
B1336494637533N00702570EA0141301650
B1336504637529N00702558EA0141401651
B1336514637523N00702554EA0141301651
B1336524637514N00702557EA0141301651
B1336534637508N00702558EA0141201651
B1336544637503N00702560EA0141001652
B1336554637497N00702561EA0140801651
B1336564637490N00702559EA0140701650
B1336574637482N00702558EA0140701649
B1336584637474N00702558EA0140801649
B1336594637467N00702558EA0140701649
B1337004637461N00702556EA0140401649
B1337014637457N00702554EA0140201648
B1337024637453N00702550EA0140201648
B1337034637449N00702542EA0140301647
B1337054637442N00702526EA0140301647
B1337064637438N00702520EA0140201646
B1337074637435N00702513EA0140101646
B1337084637433N00702505EA0139901646
B1337094637430N00702497EA0139801644
B1337104637427N00702489EA0139701643
B1337114637425N00702482EA0139601642
B1337124637422N00702474EA0139501641
B1337134637420N00702467EA0139301639
B1337144637418N00702460EA0139101637
B1337154637415N00702453EA0138901635
B1337164637412N00702445EA0138701633
B1337174637409N00702437EA0138501632
B1337184637406N00702430EA0138401630
B1337194637403N00702422EA0138301629
B1337204637400N00702415EA0138101625
B1337214637397N00702407EA0138001623
B1337224637394N00702399EA0137901621
B1337234637391N00702391EA0137801620
B1337244637388N00702383EA0137701616
B1337254637385N00702374EA0137601612
B1337264637382N00702366EA0137501610
B1337274637379N00702358EA0137401605
B1337284637376N00702350EA0137301601
B1337294637375N00702342EA0137201597
B1337304637376N00702335EA0137001593
B1337314637378N00702329EA0137001590
B1337324637379N00702322EA0137001587
B1337334637379N00702314EA0136901584
B1337344637375N00702308EA0136501581
B1337354637368N00702305EA0136301578
B1337364637361N00702307EA0136101581
B1337374637356N00702311EA0136101579
B1337384637356N00702317EA0135801577
B1337394637359N00702320EA0135501571
B1337404637364N00702320EA0135501568
B1337414637367N00702318EA0135601565
B1337424637368N00702315EA0135701563
B1337434637368N00702312EA0135701560
B1337444637368N00702308EA0135401557
B1337454637370N00702303EA0135101553
B1337464637373N00702296EA0135001554
B1337474637376N00702289EA0135101551
B1337484637376N00702283EA0135101549
B1337494637376N00702276EA0135101546
B1337504637374N00702268EA0135001544
B1337514637372N00702261EA0134801542
B1337524637369N00702254EA0134701540
B1337534637366N00702246EA0134501538
B1337544637364N00702236EA0134301536
B1337554637361N00702227EA0134301535
B1337564637358N00702218EA0134201533
B1337574637355N00702209EA0134001532
B1337584637352N00702201EA0133801530
B1337594637349N00702193EA0133601528
B1338004637346N00702184EA0133501526
B1338014637343N00702176EA0133401525
B1338024637340N00702167EA0133401523
B1338034637337N00702159EA0133501521
B1338044637335N00702150EA0133401519
B1338054637332N00702141EA0133301516
B1338064637330N00702132EA0133201515
B1338074637327N00702123EA0133201513
B1338084637324N00702115EA0133101511
B1338094637320N00702107EA0133001509
B1338104637317N00702098EA0132901508
B1338114637315N00702090EA0132901506
B1338124637312N00702081EA0132801506
B1338134637309N00702073EA0132901505
B1338144637306N00702066EA0132901504
B1338154637303N00702060EA0132701503
B1338164637298N00702056EA0132501501
B1338174637293N00702054EA0132401499
B1338184637287N00702055EA0132201498
B1338194637283N00702060EA0132201497
B1338204637281N00702067EA0132101494
B1338214637281N00702073EA0132201492
B1338224637281N00702079EA0132201491
B1338234637282N00702083EA0132101490
B1338244637282N00702089EA0131901489
B1338254637283N00702095EA0131901488
B1338264637284N00702101EA0131801486
B1338274637285N00702107EA0131801486
B1338284637287N00702113EA0131701485
B1338294637288N00702118EA0131701484
B1338304637289N00702123EA0131501483
LXSB bat: 71% (3516)
LXSB temp: 23 41%
B1338314637291N00702127EA0131401482
B1338324637292N00702132EA0131301481
B1338334637294N00702137EA0131301480
B1338344637296N00702142EA0131301479
B1338354637299N00702146EA0131301479
B1338364637301N00702150EA0131201478
B1338374637304N00702154EA0131101477
B1338384637307N00702158EA0131101477
B1338394637309N00702163EA0131001476
B1338404637312N00702168EA0131001476
B1338414637314N00702173EA0131001476
B1338424637316N00702178EA0131001476
B1338434637318N00702183EA0130901476
B1338444637321N00702188EA0130801476
B1338454637323N00702193EA0130801475
B1338464637325N00702199EA0130701474
B1338474637328N00702204EA0130701473
B1338484637330N00702209EA0130701472
B1338494637333N00702214EA0130601472
B1338504637336N00702218EA0130501472
B1338514637339N00702220EA0130401471
B1338524637342N00702221EA0130301470
B1338534637346N00702223EA0130201469
B1338544637349N00702227EA0130001468
B1338554637349N00702234EA0130101466
B1338564637349N00702242EA0130101465
B1338574637350N00702248EA0129601464
B1338584637353N00702253EA0129201463
B1338594637356N00702254EA0128701461
B1339004637357N00702254EA0128001461
B1339014637355N00702251EA0126901457
B1339024637355N00702250EA0126201457
B1339034637356N00702247EA0125901454
B1339054637347N00702233EA0124701453
B1339064637342N00702237EA0122601451
B1339074637337N00702243EA0121501449
B1339084637333N00702240EA0121401448
B1339094637325N00702228EA0121101447
B1339104637322N00702225EA0119901449
B1339114637327N00702233EA0119301449
B1339124637336N00702231EA0119401449
B1339134637343N00702226EA0119701449
B1339144637335N00702214EA0119801448
B1339154637329N00702208EA0119901449
B1339164637323N00702204EA0119801448
B1339174637318N00702202EA0119801448
B1339184637314N00702200EA0119701448
B1339194637303N00702203EA0119501447
B1339204637289N00702204EA0119301447
B1339214637281N00702204EA0119201445
B1339224637280N00702198EA0119201445
B1339234637273N00702192EA0119301446
B1339244637270N00702187EA0119201446
B1339254637265N00702180EA0119101446
B1339264637262N00702173EA0119001445
B1339274637259N00702165EA0118901443
B1339284637255N00702157EA0118901442
B1339294637252N00702148EA0119001443
B1339304637249N00702141EA0119001444
B1339314637247N00702134EA0119001444
B1339324637245N00702127EA0118901443
B1339334637243N00702118EA0118801443
B1339344637242N00702110EA0118801441
B1339354637242N00702103EA0118801441
B1339364637243N00702098EA0118601440
B1339374637247N00702096EA0118401438
B1339384637251N00702103EA0118101433
B1339394637248N00702110EA0117901429
B1339404637242N00702114EA0117701427
B1339414637235N00702112EA0117501424
B1339424637230N00702105EA0117401420
B1339434637230N00702095EA0117301417
B1339444637233N00702089EA0117101416
B1339454637237N00702090EA0117101412
B1339464637238N00702095EA0116901409
B1339474637236N00702102EA0116801406
B1339484637230N00702106EA0116701404
B1339494637224N00702105EA0116701400
B1339504637218N00702102EA0116801398
B1339514637213N00702096EA0116801393
B1339524637209N00702091EA0116701389
B1339534637204N00702085EA0116501384
B1339544637199N00702080EA0116401379
B1339554637193N00702074EA0116301376
B1339564637189N00702067EA0116201372
B1339574637187N00702060EA0116001366
B1339584637187N00702052EA0116001364
B1339594637190N00702046EA0116001360
B1340004637192N00702041EA0116101358
B1340014637195N00702036EA0116201355
B1340024637197N00702032EA0116101353
B1340034637199N00702027EA0116001350
B1340044637201N00702022EA0115801347
B1340054637204N00702017EA0115701344
B1340064637207N00702012EA0115701341
B1340074637210N00702007EA0115601338
B1340084637213N00702003EA0115601335
B1340094637217N00701998EA0115501333
B1340104637220N00701994EA0115301330
B1340114637223N00701991EA0115101328
B1340124637227N00701986EA0115001324
B1340134637230N00701981EA0115101322
B1340144637234N00701976EA0115301321
B1340154637237N00701971EA0115501319
B1340164637239N00701966EA0115701318
B1340174637240N00701961EA0115701318
B1340184637241N00701957EA0115701317
B1340194637242N00701952EA0115701316
B1340204637244N00701948EA0115801316
B1340214637246N00701944EA0115801315
B1340224637249N00701940EA0115801315
B1340234637251N00701937EA0115901315
B1340244637254N00701933EA0115901315
B1340254637257N00701929EA0115901314
B1340264637259N00701925EA0115901314
B1340274637261N00701921EA0115701314
B1340284637264N00701917EA0115701315
B1340294637266N00701913EA0115701314
B1340304637268N00701908EA0115701314
B1340314637271N00701904EA0115801314
B1340324637273N00701900EA0115801313
B1340334637275N00701896EA0115701313
B1340344637277N00701892EA0115701314
B1340354637279N00701887EA0115601314
B1340364637281N00701881EA0115601314
B1340374637284N00701876EA0115601314
B1340384637286N00701870EA0115701313
B1340394637289N00701866EA0115701313
B1340404637291N00701862EA0115601313
B1340414637294N00701858EA0115501312
B1340424637297N00701855EA0115601312
B1340434637300N00701851EA0115601311
B1340444637303N00701848EA0115601311
B1340454637306N00701845EA0115601311
B1340464637309N00701842EA0115601311
B1340474637312N00701839EA0115601310
B1340484637315N00701835EA0115601310
B1340494637318N00701832EA0115601310
B1340504637321N00701830EA0115501309
B1340514637324N00701827EA0115501309
B1340524637328N00701824EA0115401308
B1340534637331N00701822EA0115501308
B1340544637335N00701818EA0115501308
B1340554637338N00701815EA0115401309
B1340564637341N00701811EA0115501309
B1340574637344N00701808EA0115401309
B1340584637347N00701804EA0115401309
B1340594637350N00701801EA0115501309
B1341004637353N00701797EA0115401309
B1341014637356N00701794EA0115401308
B1341024637359N00701790EA0115301308
B1341034637362N00701786EA0115301308
B1341044637366N00701782EA0115401308
B1341054637369N00701779EA0115401308
B1341064637372N00701776EA0115401308
B1341074637375N00701774EA0115401308
B1341084637378N00701772EA0115401308
B1341094637381N00701770EA0115301307
B1341104637384N00701768EA0115401307
B1341114637387N00701767EA0115401307
B1341124637390N00701765EA0115401307
B1341134637393N00701764EA0115401306
B1341144637397N00701762EA0115301307
B1341154637400N00701761EA0115301306
B1341174637406N00701759EA0115201306
B1341184637410N00701758EA0115101306
B1341194637413N00701756EA0115001306
B1341204637416N00701754EA0115001305
B1341214637420N00701753EA0115001305
B1341224637423N00701752EA0114901305
B1341234637426N00701750EA0114901305
B1341244637429N00701749EA0114701305
B1341254637433N00701748EA0114601304
B1341264637436N00701747EA0114501303
B1341274637440N00701748EA0114601302
B1341284637443N00701748EA0114701302
B1341294637446N00701748EA0114701302
B1341304637448N00701747EA0114601302
B1341314637451N00701746EA0114601302
B1341324637453N00701746EA0114401301
B1341334637457N00701747EA0114401300
B1341344637460N00701746EA0114401299
B1341354637463N00701746EA0114301299
B1341364637467N00701744EA0114201298
B1341374637470N00701743EA0114101298
B1341384637473N00701742EA0114001297
B1341394637477N00701740EA0113901296
B1341404637480N00701737EA0113801295
B1341414637483N00701735EA0113801294
B1341424637486N00701732EA0113701293
B1341434637489N00701728EA0113601293
B1341444637491N00701725EA0113401292
B1341454637494N00701722EA0113301291
B1341464637497N00701718EA0113101289
B1341474637499N00701716EA0113001288
B1341484637502N00701715EA0112901287
B1341494637503N00701717EA0112801285
B1341504637503N00701721EA0112601285
B1341514637500N00701727EA0112401283
B1341524637496N00701733EA0112301282
B1341534637491N00701738EA0112201281
B1341544637485N00701741EA0112101280
B1341554637478N00701744EA0111901278
B1341564637471N00701747EA0111801277
B1341574637465N00701751EA0111601275
B1341584637458N00701755EA0111401274
B1341594637451N00701758EA0111301272
B1342004637443N00701761EA0111201271
B1342014637436N00701763EA0111001270
B1342024637429N00701765EA0110901269
B1342034637422N00701768EA0110801267
B1342044637415N00701771EA0110701266
B1342054637408N00701774EA0110501265
B1342064637401N00701776EA0110301263
B1342074637393N00701777EA0110201261
B1342084637386N00701779EA0110101260
B1342094637379N00701781EA0110101259
B1342104637372N00701783EA0110101258
B1342114637365N00701786EA0110001258
B1342124637359N00701789EA0109901257
B1342134637352N00701792EA0109701255
B1342144637346N00701795EA0109601254
B1342154637339N00701799EA0109501253
B1342164637332N00701802EA0109501252
B1342174637326N00701806EA0109501251
B1342184637319N00701811EA0109601251
B1342194637312N00701815EA0109601251
B1342204637305N00701818EA0109601252
B1342214637298N00701820EA0109701251
B1342224637291N00701821EA0109701251
B1342234637284N00701823EA0109701251
B1342244637277N00701826EA0109701252
B1342254637270N00701829EA0109801252
B1342264637264N00701832EA0109801252
B1342274637258N00701836EA0109901252
B1342284637251N00701839EA0109901253
B1342294637246N00701842EA0109801253
B1342304637239N00701844EA0109801253
B1342314637232N00701846EA0109701253
B1342324637225N00701847EA0109701253
B1342334637217N00701849EA0109701253
B1342344637210N00701850EA0109601253
B1342354637203N00701852EA0109701253
B1342364637196N00701854EA0109701253
B1342374637190N00701856EA0109701253
B1342384637183N00701859EA0109701253
B1342394637175N00701860EA0109601253
B1342404637168N00701862EA0109601252
B1342414637162N00701864EA0109501252
B1342424637154N00701866EA0109401252
B1342434637148N00701868EA0109401252
B1342444637140N00701869EA0109301251
B1342454637133N00701871EA0109301251
B1342464637126N00701871EA0109301251
B1342474637120N00701872EA0109201250
B1342484637113N00701873EA0109001249
B1342494637106N00701874EA0108901249
B1342504637098N00701875EA0108901248
B1342514637091N00701876EA0108901246
B1342524637083N00701877EA0108901246
B1342534637076N00701878EA0108901246
B1342544637069N00701879EA0108801245
B1342554637062N00701880EA0108701244
B1342564637055N00701880EA0108601243
B1342574637048N00701881EA0108501241
B1342584637041N00701881EA0108401239
B1342594637033N00701882EA0108401238
B1343004637026N00701883EA0108301238
B1343014637019N00701884EA0108301237
B1343024637012N00701884EA0108201235
B1343034637005N00701885EA0108201235
B1343044636998N00701885EA0108201235
B1343054636991N00701885EA0108101234
B1343064636984N00701885EA0108001233
B1343074636977N00701884EA0107901232
B1343084636970N00701884EA0107801230
B1343094636963N00701883EA0107901230
B1343104636956N00701883EA0107901229
B1343114636948N00701883EA0107801229
B1343124636942N00701883EA0107701228
B1343134636935N00701882EA0107601227
B1343144636928N00701881EA0107401226
B1343154636921N00701881EA0107401225
B1343164636914N00701880EA0107401224
B1343174636906N00701879EA0107301224
B1343184636900N00701878EA0107201224
B1343194636893N00701876EA0107001224
B1343204636887N00701874EA0106901223
B1343214636880N00701872EA0106701222
B1343224636873N00701869EA0106601222
B1343234636866N00701866EA0106601220
B1343244636859N00701864EA0106401219
B1343254636852N00701861EA0106201218
B1343264636846N00701858EA0106101217
B1343274636839N00701855EA0106001216
B1343284636832N00701852EA0105901214
B1343294636825N00701850EA0105801213
B1343304636818N00701847EA0105601212
B1343314636812N00701844EA0105401210
B1343324636806N00701840EA0105201208
B1343334636799N00701836EA0105001206
B1343344636793N00701833EA0104901204
B1343354636786N00701830EA0104701202
B1343364636780N00701829EA0104401199
B1343374636775N00701830EA0104001197
B1343384636771N00701832EA0103501199
LXSB bat: 65% (3490)
LXSB temp: 26 41%
B1343404636768N00701842EA0102901199
B1343414636766N00701845EA0102001197
B1343424636766N00701847EA0101301195
B1343434636765N00701845EA0101301192
B1343444636763N00701845EA0101601190
B1343454636762N00701845EA0101601189
B1343464636765N00701845EA0101401187
B1343474636767N00701844EA0101301186
B1343484636769N00701843EA0101001182
B1343494636771N00701845EA0100701181
B1343504636771N00701851EA0100301179
B1343514636772N00701857EA0100201177
B1343524636773N00701862EA0100201176
B1343534636775N00701865EA0100201175
B1343544636777N00701866EA0100101174
B1343554636779N00701866EA0099901173
B1343564636782N00701866EA0099601172
B1343574636785N00701866EA0099401169
B1343584636788N00701867EA0099201167
B1343594636791N00701868EA0099101165
B1344004636794N00701868EA0099001164
B1344014636796N00701869EA0098901163
B1344024636797N00701871EA0098701162
B1344034636797N00701876EA0098401159
B1344044636798N00701881EA0098201156
B1344054636800N00701885EA0097901152
B1344064636803N00701884EA0097501147
B1344074636807N00701881EA0097501144
B1344084636809N00701880EA0097301140
B1344094636811N00701882EA0096701142
B1344104636806N00701891EA0096301139
B1344114636802N00701898EA0096201138
B1344124636802N00701904EA0095601137
B1344134636802N00701906EA0094401136
B1344144636799N00701902EA0092901133
B1344154636789N00701893EA0092201125
B1344164636782N00701899EA0092101122
B1344174636781N00701908EA0092001117
B1344184636783N00701913EA0092001110
B1344194636786N00701909EA0092001112
B1344204636781N00701898EA0091401108
B1344214636774N00701889EA0090701104
B1344224636770N00701885EA0090201101
B1344234636764N00701888EA0090301098
B1344244636764N00701888EA0090701095
B1344254636763N00701891EA0090801092
B1344264636763N00701892EA0090701089
B1344274636763N00701892EA0090301089
B1344284636764N00701893EA0089901089
B1344294636764N00701894EA0089601087
B1344304636764N00701900EA0089501086
B1344314636765N00701906EA0089401084
B1344324636766N00701910EA0089301083
B1344334636768N00701911EA0089101082
B1344344636770N00701911EA0088901081
B1344354636772N00701912EA0088601079
B1344364636775N00701913EA0088501077
B1344374636778N00701916EA0088301076
B1344384636781N00701918EA0088201074
B1344394636784N00701919EA0088101073
B1344404636786N00701920EA0087801071
B1344414636789N00701921EA0087601068
B1344424636791N00701922EA0087501067
B1344434636795N00701923EA0087501064
B1344444636798N00701925EA0087501063
B1344454636801N00701926EA0087501062
B1344464636803N00701926EA0087401060
B1344474636805N00701926EA0087201059
B1344484636807N00701926EA0087101057
B1344494636809N00701927EA0087001054
B1344504636812N00701929EA0087001052
B1344514636814N00701932EA0087101051
B1344524636816N00701934EA0087101050
B1344534636817N00701936EA0086901048
B1344544636819N00701938EA0086701047
B1344554636820N00701940EA0086501045
B1344564636823N00701943EA0086401042
B1344574636826N00701947EA0086401040
B1344584636830N00701950EA0086601039
B1344594636832N00701953EA0086601039
B1345004636834N00701954EA0086501038
B1345014636835N00701956EA0086301036
B1345024636837N00701957EA0086101035
B1345034636839N00701959EA0085801033
B1345044636842N00701961EA0085701031
B1345054636846N00701964EA0085601029
B1345064636850N00701967EA0085601027
B1345074636853N00701969EA0085501026
B1345084636856N00701971EA0085301024
B1345094636859N00701973EA0085201022
B1345104636862N00701975EA0085001020
B1345114636866N00701978EA0084901018
B1345124636869N00701982EA0084901016
B1345134636873N00701986EA0084901015
B1345144636876N00701990EA0084801014
B1345154636878N00701993EA0084701013
B1345164636881N00701996EA0084501011
B1345174636883N00702001EA0084401010
B1345184636886N00702005EA0084401008
B1345194636887N00702010EA0084501006
B1345204636888N00702014EA0084601005
B1345214636889N00702017EA0084601004
B1345224636890N00702019EA0084401003
B1345234636891N00702021EA0084301002
B1345244636893N00702022EA0084301000
B1345254636896N00702021EA0084200999
B1345264636899N00702018EA0084200998
B1345274636901N00702014EA0084200996
B1345284636903N00702010EA0084000995
B1345294636905N00702007EA0083700993
B1345304636909N00702005EA0083600992
B1345314636907N00702012EA0083600990
B1345324636906N00702017EA0083600988
B1345334636904N00702020EA0083400986
B1345344636902N00702022EA0083200985
B1345354636901N00702023EA0082900980
B1345364636903N00702024EA0082700982
B1345374636906N00702024EA0082700979
B1345384636908N00702022EA0082700977
B1345394636910N00702018EA0082600975
B1345404636912N00702015EA0082400977
B1345414636914N00702014EA0082100975
B1345424636916N00702014EA0082000973
B1345434636914N00702021EA0082000970
B1345444636913N00702025EA0082000968
B1345464636911N00702030EA0081800967
B1345474636913N00702031EA0081600964
B1345484636916N00702029EA0081500962
B1345494636919N00702025EA0081500960
B1345504636920N00702022EA0081500958
B1345514636921N00702020EA0081200957
B1345524636922N00702023EA0080900956
B1345534636920N00702028EA0080800953
B1345544636918N00702032EA0080800951
B1345554636917N00702034EA0080900952
B1345564636916N00702035EA0080700952
B1345574636918N00702033EA0080400948
B1345584636922N00702030EA0080300946
B1345594636925N00702025EA0080300944
B1346004636928N00702021EA0080200942
B1346014636929N00702017EA0080000940
B1346024636931N00702018EA0079600938
B1346034636931N00702021EA0079300936
B1346044636931N00702026EA0079200933
B1346054636930N00702031EA0079000935
B1346064636929N00702034EA0078900934
B1346074636928N00702037EA0078700932
B1346084636928N00702040EA0078500930
B1346094636930N00702043EA0078500929
B1346104636932N00702046EA0078300927
B1346114636933N00702049EA0078100926
B1346124636935N00702051EA0077900924
B1346134636936N00702054EA0077700923
B1346144636938N00702055EA0077500921
B1346154636940N00702057EA0077400919
B1346164636942N00702058EA0077300918
B1346174636944N00702058EA0077100916
B1346184636946N00702058EA0076900914
B1346194636948N00702058EA0076800913
B1346204636951N00702058EA0076800912
B1346214636953N00702058EA0076700911
B1346224636954N00702059EA0076600910
B1346234636954N00702060EA0076500909
B1346244636955N00702062EA0076300908
B1346254636957N00702063EA0076200906
B1346264636959N00702065EA0076100904
B1346274636960N00702066EA0076000903
B1346284636961N00702067EA0075800901
B1346294636963N00702068EA0075500900
B1346304636965N00702068EA0075300898
B1346314636967N00702067EA0075200895
B1346324636970N00702067EA0075100893
B1346334636973N00702066EA0075100892
B1346344636976N00702065EA0075100890
B1346354636977N00702065EA0075100888
B1346364636979N00702065EA0075100887
B1346374636980N00702067EA0075100886
B1346384636981N00702069EA0075000885
B1346394636980N00702072EA0074900884
B1346404636978N00702074EA0074800882
B1346414636977N00702077EA0074500880
B1346424636977N00702081EA0074400879
B1346434636978N00702083EA0074300877
B1346444636980N00702084EA0074200876
B1346454636982N00702084EA0074100875
B1346464636984N00702083EA0073900874
B1346474636985N00702084EA0073800873
B1346484636987N00702084EA0073600871
B1346494636988N00702086EA0073600869
B1346504636990N00702086EA0073600868
B1346514636992N00702086EA0073600868
B1346524636994N00702086EA0073600867
B1346534636995N00702085EA0073500867
B1346544636997N00702085EA0073400866
B1346554636998N00702086EA0073300866
B1346564637000N00702087EA0073300865
B1346574637001N00702088EA0073200864
B1346584637001N00702088EA0073000864
B1346594637002N00702090EA0072800862
B1347004637003N00702093EA0072600860
B1347014637004N00702096EA0072400858
B1347024637005N00702099EA0072300857
B1347034637006N00702102EA0072200856
B1347044637007N00702104EA0072100854
B1347054637008N00702107EA0072000853
B1347064637008N00702108EA0071800851
B1347074637010N00702109EA0071600849
B1347084637011N00702110EA0071400847
B1347094637014N00702111EA0071200845
B1347104637016N00702113EA0071100843
B1347114637018N00702115EA0070900841
B1347124637019N00702118EA0070700840
B1347134637019N00702122EA0070500838
B1347144637021N00702126EA0070400839
B1347154637022N00702130EA0070300838
B1347164637023N00702133EA0070300836
B1347174637025N00702135EA0070200835
B1347184637026N00702135EA0070100834
B1347194637028N00702136EA0069900833
B1347204637030N00702138EA0069900832
B1347214637032N00702140EA0069900831
B1347224637034N00702143EA0070000830
B1347234637037N00702146EA0070100830
B1347244637038N00702148EA0070100830
B1347254637039N00702151EA0070100830
B1347264637039N00702155EA0070100829
B1347274637038N00702160EA0070100829
B1347284637037N00702165EA0070200829
B1347294637036N00702169EA0070100829
B1347304637035N00702173EA0070000828
B1347314637036N00702176EA0069900827
B1347324637038N00702179EA0069900826
B1347334637040N00702180EA0069900826
B1347344637043N00702181EA0069900826
B1347354637045N00702181EA0069900825
B1347364637048N00702180EA0069900825
B1347374637050N00702180EA0069900824
B1347384637053N00702180EA0069900824
B1347394637056N00702180EA0070000824
B1347404637058N00702182EA0069900824
B1347414637058N00702186EA0070000823
B1347424637057N00702192EA0070000822
B1347434637055N00702196EA0069900821
B1347444637051N00702200EA0069800821
B1347454637047N00702202EA0069700820
B1347464637044N00702205EA0069500819
B1347474637042N00702209EA0069300818
B1347484637042N00702213EA0069200817
B1347494637043N00702216EA0069000816
B1347504637044N00702217EA0068900815
B1347514637045N00702215EA0068800814
B1347524637047N00702209EA0068700813
B1347534637048N00702203EA0068700811
B1347544637049N00702197EA0068500811
B1347554637050N00702192EA0068300810
B1347564637053N00702188EA0068100808
B1347584637058N00702186EA0068000808
B1347594637058N00702189EA0067900806
B1348004637057N00702193EA0067800805
B1348014637056N00702197EA0067700804
B1348024637053N00702201EA0067600802
B1348034637050N00702204EA0067400801
B1348044637047N00702208EA0067200798
B1348054637045N00702212EA0067100797
B1348064637044N00702217EA0066900796
B1348074637043N00702221EA0066800794
B1348084637044N00702224EA0066700792
B1348094637045N00702227EA0066700790
B1348104637046N00702229EA0066600789
B1348114637046N00702231EA0066600787
B1348124637047N00702232EA0066600786
B1348134637047N00702233EA0066600784
B1348144637047N00702234EA0066600783
B1348154637048N00702235EA0066600784
B1348164637048N00702235EA0066600783
B1348174637049N00702236EA0066600782
B1348184637049N00702236EA0066600781
B1348194637049N00702237EA0066600780
B1348204637049N00702238EA0066600779
B1348214637049N00702239EA0066600779
B1348224637049N00702239EA0066600778
B1348234637048N00702240EA0066600777
B1348244637048N00702240EA0066600777
B1348254637048N00702241EA0066600777
B1348264637047N00702242EA0066600777
B1348274637048N00702243EA0066700777
B1348284637048N00702243EA0066600777
B1348294637048N00702244EA0066600777
B1348304637048N00702245EA0066600778
B1348314637048N00702245EA0066600778
B1348324637048N00702246EA0066600778
B1348334637048N00702246EA0066600779
B1348344637049N00702246EA0066600779
B1348354637049N00702246EA0066600779
B1348364637049N00702246EA0066600779
B1348374637048N00702247EA0066600779
B1348384637048N00702247EA0066600779
B1348394637048N00702247EA0066600779
B1348404637048N00702247EA0066600779
B1348414637048N00702248EA0066600779
B1348424637048N00702248EA0066600779
B1348434637048N00702248EA0066600779
B1348444637048N00702248EA0066600779
B1348454637048N00702248EA0066600779
LXSB bat: 69% (3505)
LXSB temp: 31 39%
B1348464637048N00702248EA0066600779
B1348474637048N00702248EA0066600779
B1348484637048N00702248EA0066600779
B1348494637048N00702248EA0066600779
B1348504637048N00702248EA0066600779
B1348514637048N00702248EA0066600779
B1348524637048N00702248EA0066600779
B1348534637048N00702248EA0066600779
B1348544637048N00702248EA0066600779
B1348554637048N00702248EA0066600779
B1348564637048N00702248EA0066600779
B1348574637048N00702248EA0066600779
B1348584637048N00702248EA0066600779
B1348594637048N00702248EA0066600779
B1349004637048N00702248EA0066600779
B1349014637048N00702248EA0066600779
B1349024637048N00702248EA0066600779
B1349034637048N00702248EA0066600779
B1349044637048N00702248EA0066600779
B1349054637048N00702248EA0066600779
LXSB  SKYDROP-START-s: 1782049893 
LXSB  SKYDROP-DURATION-ms: 7053947 
LXSB  SKYDROP-ALT-MAX-m: 3131 
LXSB  SKYDROP-ALT-MIN-m: 780 
LXSB  SKYDROP-CLIMB-MAX-cm: 421 
LXSB  SKYDROP-SINK-MAX-cm: -926 
LXSB  SKYDROP-ODO-m: 68527 
GBEA5A5441FC41EDB609443BD4E4AE9E655C71999
